origin,utc,name,n_cells,mean_mm,max_mm,coverage,eta_area,eta_first,reliable
1790303400,2026-09-25T02:30:00Z,พิชัย,176,0.01,0.201,0.0909,,75,True
1790303400,2026-09-25T02:30:00Z,ลับแล,116,0.0,0.0,0.0,,,True
1790303400,2026-09-25T02:30:00Z,ฟากท่า,163,0.0,0.0,0.0,,,True
1790303400,2026-09-25T02:30:00Z,บ้านโคก,247,0.0,0.0,0.0,,,True
1790303400,2026-09-25T02:30:00Z,ท่าปลา,442,0.0,0.0,0.0,,,True
1790303400,2026-09-25T02:30:00Z,น้ำปาด,363,0.0,0.098,0.0028,,15,True
1790303400,2026-09-25T02:30:00Z,เมืองอุตรดิตถ์,202,0.0,0.0,0.0,,,True
1790303400,2026-09-25T02:30:00Z,ตรอน,80,0.0,0.0,0.0,,,True
1790303400,2026-09-25T02:30:00Z,หล่มเก่า,246,0.0,0.0,0.0,,,True
1790303400,2026-09-25T02:30:00Z,วิเชียรบุรี,377,0.071,0.495,0.3899,60,15,True
1790303400,2026-09-25T02:30:00Z,ชนแดน,279,0.0,0.0,0.0,,,True
1790303400,2026-09-25T02:30:00Z,หล่มสัก,350,0.0,0.0,0.0,,,True
1790303400,2026-09-25T02:30:00Z,เมืองเพชรบูรณ์,571,0.002,0.201,0.021,,15,True
1790303400,2026-09-25T02:30:00Z,ทองแสนขัน,185,0.001,0.098,0.0108,,15,True
1790303400,2026-09-25T02:30:00Z,บึงสามัคคี,71,0.072,0.299,0.4366,75,60,True
1790303400,2026-09-25T02:30:00Z,โกสัมพีนคร,137,0.0,0.0,0.0,,,True
1790303400,2026-09-25T02:30:00Z,สอง,380,0.0,0.0,0.0,,,True
1790303400,2026-09-25T02:30:00Z,วังชิ้น,255,0.0,0.0,0.0,,,True
1790303400,2026-09-25T02:30:00Z,สูงเม่น,88,0.0,0.0,0.0,,,True
1790303400,2026-09-25T02:30:00Z,เด่นชัย,135,0.0,0.0,0.0,,,True
1790303400,2026-09-25T02:30:00Z,ร้องกวาง,221,0.0,0.0,0.0,,,True
1790303400,2026-09-25T02:30:00Z,ลอง,317,0.0,0.0,0.0,,,True
1790303400,2026-09-25T02:30:00Z,เมืองแพร่,205,0.0,0.0,0.0,,,True
1790303400,2026-09-25T02:30:00Z,ทัพทัน,94,0.0,0.0,0.0,,,True
1790303400,2026-09-25T02:30:00Z,สว่างอารมณ์,110,0.0,0.0,0.0,,,True
1790303400,2026-09-25T02:30:00Z,เมืองอุทัยธานี,59,0.0,0.0,0.0,,,True
1790303400,2026-09-25T02:30:00Z,ห้วยคต,94,0.005,0.098,0.0532,,15,True
1790303400,2026-09-25T02:30:00Z,ศรีสวัสดิ์,440,0.014,0.299,0.1136,60,30,True
1790303400,2026-09-25T02:30:00Z,บ้านไร่,821,0.057,1.103,0.3691,30,15,True
1790303400,2026-09-25T02:30:00Z,ลานสัก,360,0.043,1.005,0.2083,15,15,True
1790303400,2026-09-25T02:30:00Z,หนองฉาง,89,0.0,0.0,0.0,,,True
1790303400,2026-09-25T02:30:00Z,หนองขาหย่าง,43,0.0,0.0,0.0,,,True
1790303400,2026-09-25T02:30:00Z,เชียงม่วน,82,0.0,0.0,0.0,,,True
1790303400,2026-09-25T02:30:00Z,ดอกคำใต้,37,0.0,0.0,0.0,,,True
1790303400,2026-09-25T02:30:00Z,เมืองพะเยา,6,0.0,0.0,0.0,,,True
1790303400,2026-09-25T02:30:00Z,ทองผาภูมิ,851,0.023,0.397,0.1175,75,15,True
1790303400,2026-09-25T02:30:00Z,สังขละบุรี,793,0.041,0.609,0.2371,30,15,True
1790303400,2026-09-25T02:30:00Z,หนองม่วงไข่,35,0.0,0.0,0.0,,,True
1790303400,2026-09-25T02:30:00Z,ภูเวียง,81,0.0,0.0,0.0,,,True
1790303400,2026-09-25T02:30:00Z,มัญจาคีรี,50,0.0,0.0,0.0,,,True
1790303400,2026-09-25T02:30:00Z,หนองปรือ,104,0.001,0.098,0.0096,,60,True
1790303400,2026-09-25T02:30:00Z,เลาขวัญ,123,0.0,0.0,0.0,,,True
1790303400,2026-09-25T02:30:00Z,หนองนาคำ,43,0.0,0.0,0.0,,,True
1790303400,2026-09-25T02:30:00Z,โคกโพธิ์ไชย,65,0.0,0.0,0.0,,,True
1790303400,2026-09-25T02:30:00Z,บ้านหลวง,91,0.0,0.0,0.0,,,True
1790303400,2026-09-25T02:30:00Z,นาน้อย,266,0.0,0.0,0.0,,,True
1790303400,2026-09-25T02:30:00Z,ภูผาม่าน,74,0.0,0.0,0.0,,,True
1790303400,2026-09-25T02:30:00Z,เมืองน่าน,161,0.0,0.0,0.0,,,True
1790303400,2026-09-25T02:30:00Z,แม่จริม,262,0.0,0.0,0.0,,,True
1790303400,2026-09-25T02:30:00Z,เวียงเก่า,78,0.0,0.0,0.0,,,True
1790303400,2026-09-25T02:30:00Z,เมืองกำแพงเพชร,368,0.002,0.098,0.0245,,105,True
1790303400,2026-09-25T02:30:00Z,ไทรงาม,133,0.018,0.098,0.188,75,45,True
1790303400,2026-09-25T02:30:00Z,ปางศิลาทอง,186,0.046,0.946,0.1989,30,15,True
1790303400,2026-09-25T02:30:00Z,ลานกระบือ,103,0.012,0.201,0.1068,105,60,True
1790303400,2026-09-25T02:30:00Z,ทรายทองวัฒนา,53,0.002,0.098,0.0189,,75,True
1790303400,2026-09-25T02:30:00Z,คลองขลุง,179,0.011,0.098,0.1173,120,90,True
1790303400,2026-09-25T02:30:00Z,พรานกระต่าย,252,0.0,0.0,0.0,,,True
1790303400,2026-09-25T02:30:00Z,คลองลาน,363,0.007,0.592,0.0248,,15,True
1790303400,2026-09-25T02:30:00Z,ขาณุวรลักษบุรี,296,0.091,0.495,0.4493,90,15,True
1790303400,2026-09-25T02:30:00Z,ภูเพียง,113,0.0,0.0,0.0,,,True
1790303400,2026-09-25T02:30:00Z,นาหมื่น,245,0.0,0.0,0.0,,,True
1790303400,2026-09-25T02:30:00Z,เวียงสา,543,0.0,0.0,0.0,,,True
1790303400,2026-09-25T02:30:00Z,น้ำโสม,153,0.0,0.0,0.0,,,True
1790303400,2026-09-25T02:30:00Z,นายูง,126,0.0,0.0,0.0,,,True
1790303400,2026-09-25T02:30:00Z,ชุมแพ,173,0.0,0.0,0.0,,,True
1790303400,2026-09-25T02:30:00Z,สีชมพู,132,0.0,0.0,0.0,,,True
1790303400,2026-09-25T02:30:00Z,สุวรรณคูหา,140,0.0,0.0,0.0,,,True
1790303400,2026-09-25T02:30:00Z,นาวัง,65,0.0,0.0,0.0,,,True
1790303400,2026-09-25T02:30:00Z,หนองเรือ,80,0.0,0.0,0.0,,,True
1790303400,2026-09-25T02:30:00Z,โนนสัง,51,0.0,0.0,0.0,,,True
1790303400,2026-09-25T02:30:00Z,ศรีบุญเรือง,224,0.0,0.0,0.0,,,True
1790303400,2026-09-25T02:30:00Z,เมืองหนองบัวลำภู,217,0.0,0.0,0.0,,,True
1790303400,2026-09-25T02:30:00Z,นากลาง,173,0.0,0.0,0.0,,,True
1790303400,2026-09-25T02:30:00Z,ทุ่งเสลี่ยม,144,0.0,0.0,0.0,,,True
1790303400,2026-09-25T02:30:00Z,ดอยหล่อ,56,0.0,0.0,0.0,,,True
1790303400,2026-09-25T02:30:00Z,เมืองตาก,486,0.0,0.0,0.0,,,True
1790303400,2026-09-25T02:30:00Z,แม่ออน,116,0.0,0.0,0.0,,,True
1790303400,2026-09-25T02:30:00Z,อุ้มผาง,1209,0.123,1.216,0.507,15,15,True
1790303400,2026-09-25T02:30:00Z,วังเจ้า,183,0.006,0.098,0.0656,,15,True
1790303400,2026-09-25T02:30:00Z,แม่สอด,398,0.0,0.0,0.0,,,True
1790303400,2026-09-25T02:30:00Z,พบพระ,249,0.024,0.201,0.2289,45,30,True
1790303400,2026-09-25T02:30:00Z,แม่ระมาด,380,0.0,0.0,0.0,,,True
1790303400,2026-09-25T02:30:00Z,ท่าสองยาง,401,0.0,0.0,0.0,,,True
1790303400,2026-09-25T02:30:00Z,บ้านตาก,255,0.0,0.0,0.0,,,True
1790303400,2026-09-25T02:30:00Z,สามเงา,698,0.0,0.0,0.0,,,True
1790303400,2026-09-25T02:30:00Z,จอมทอง,280,0.0,0.0,0.0,,,True
1790303400,2026-09-25T02:30:00Z,แก้งสนามนาง,79,0.0,0.0,0.0,,,True
1790303400,2026-09-25T02:30:00Z,สีคิ้ว,292,0.0,0.0,0.0,,,True
1790303400,2026-09-25T02:30:00Z,พระทองคำ,90,0.0,0.0,0.0,,,True
1790303400,2026-09-25T02:30:00Z,เทพารักษ์,92,0.0,0.0,0.0,,,True
1790303400,2026-09-25T02:30:00Z,สันกำแพง,65,0.0,0.0,0.0,,,True
1790303400,2026-09-25T02:30:00Z,สันป่าตอง,44,0.0,0.0,0.0,,,True
1790303400,2026-09-25T02:30:00Z,ดอยเต่า,213,0.0,0.0,0.0,,,True
1790303400,2026-09-25T02:30:00Z,อมก๋อย,704,0.0,0.0,0.0,,,True
1790303400,2026-09-25T02:30:00Z,ฮอด,378,0.0,0.0,0.0,,,True
1790303400,2026-09-25T02:30:00Z,เมืองลำพูน,117,0.0,0.0,0.0,,,True
1790303400,2026-09-25T02:30:00Z,แม่ทา,192,0.0,0.0,0.0,,,True
1790303400,2026-09-25T02:30:00Z,บ้านธิ,34,0.0,0.0,0.0,,,True
1790303400,2026-09-25T02:30:00Z,บ้านหมอ,24,0.0,0.0,0.0,,,True
1790303400,2026-09-25T02:30:00Z,เวียงหนองล่อง,14,0.0,0.0,0.0,,,True
1790303400,2026-09-25T02:30:00Z,ทุ่งหัวช้าง,113,0.0,0.0,0.0,,,True
1790303400,2026-09-25T02:30:00Z,ป่าซาง,74,0.0,0.0,0.0,,,True
1790303400,2026-09-25T02:30:00Z,บ้านโฮ่ง,124,0.0,0.0,0.0,,,True
1790303400,2026-09-25T02:30:00Z,แก่งคอย,73,0.0,0.0,0.0,,,True
1790303400,2026-09-25T02:30:00Z,ลี้,454,0.0,0.0,0.0,,,True
1790303400,2026-09-25T02:30:00Z,พระพุทธบาท,55,0.0,0.0,0.0,,,True
1790303400,2026-09-25T02:30:00Z,ดอนพุด,7,0.0,0.0,0.0,,,True
1790303400,2026-09-25T02:30:00Z,หนองโดน,31,0.0,0.0,0.0,,,True
1790303400,2026-09-25T02:30:00Z,เมืองลำปาง,300,0.0,0.0,0.0,,,True
1790303400,2026-09-25T02:30:00Z,เถิน,443,0.0,0.0,0.0,,,True
1790303400,2026-09-25T02:30:00Z,แม่พริก,167,0.0,0.0,0.0,,,True
1790303400,2026-09-25T02:30:00Z,แจ้ห่ม,274,0.0,0.0,0.0,,,True
1790303400,2026-09-25T02:30:00Z,แม่เปิน,85,0.119,1.103,0.3176,15,15,True
1790303400,2026-09-25T02:30:00Z,เสริมงาม,185,0.0,0.0,0.0,,,True
1790303400,2026-09-25T02:30:00Z,ชุมตาบง,61,0.0,0.0,0.0,,,True
1790303400,2026-09-25T02:30:00Z,งาว,344,0.0,0.0,0.0,,,True
1790303400,2026-09-25T02:30:00Z,ตากฟ้า,125,0.002,0.098,0.024,,120,True
1790303400,2026-09-25T02:30:00Z,แม่เมาะ,283,0.0,0.0,0.0,,,True
1790303400,2026-09-25T02:30:00Z,แม่วงก์,257,0.027,0.592,0.144,30,15,True
1790303400,2026-09-25T02:30:00Z,เกาะคา,128,0.0,0.0,0.0,,,True
1790303400,2026-09-25T02:30:00Z,พยุหะคีรี,169,0.0,0.0,0.0,,,True
1790303400,2026-09-25T02:30:00Z,ลาดยาว,187,0.001,0.098,0.0053,,120,True
1790303400,2026-09-25T02:30:00Z,สบปราบ,125,0.0,0.0,0.0,,,True
1790303400,2026-09-25T02:30:00Z,ห้างฉัตร,154,0.0,0.0,0.0,,,True
1790303400,2026-09-25T02:30:00Z,แม่ทะ,203,0.0,0.0,0.0,,,True
1790303400,2026-09-25T02:30:00Z,เมืองปาน,202,0.0,0.0,0.0,,,True
1790303400,2026-09-25T02:30:00Z,เมืองอ่างทอง,6,0.0,0.0,0.0,,,True
1790303400,2026-09-25T02:30:00Z,ไชโย,20,0.005,0.098,0.05,,15,True
1790303400,2026-09-25T02:30:00Z,สามโก้,10,0.0,0.0,0.0,,,True
1790303400,2026-09-25T02:30:00Z,แสวงหา,43,0.0,0.0,0.0,,,True
1790303400,2026-09-25T02:30:00Z,วิเศษชัยชาญ,7,0.0,0.0,0.0,,,True
1790303400,2026-09-25T02:30:00Z,โพธิ์ทอง,48,0.0,0.0,0.0,,,True
1790303400,2026-09-25T02:30:00Z,เมืองลพบุรี,190,0.0,0.0,0.0,,,True
1790303400,2026-09-25T02:30:00Z,เดิมบางนางบวช,130,0.0,0.0,0.0,,,True
1790303400,2026-09-25T02:30:00Z,ด่านช้าง,309,0.004,0.098,0.0421,,15,True
1790303400,2026-09-25T02:30:00Z,หนองม่วง,111,0.009,0.201,0.0721,,90,True
1790303400,2026-09-25T02:30:00Z,ลำสนธิ,136,0.017,0.299,0.1029,45,30,True
1790303400,2026-09-25T02:30:00Z,สามชุก,77,0.0,0.0,0.0,,,True
1790303400,2026-09-25T02:30:00Z,ดอนเจดีย์,72,0.0,0.0,0.0,,,True
1790303400,2026-09-25T02:30:00Z,สระโบสถ์,83,0.001,0.098,0.012,,105,True
1790303400,2026-09-25T02:30:00Z,ศรีประจันต์,41,0.0,0.0,0.0,,,True
1790303400,2026-09-25T02:30:00Z,โคกเจริญ,135,0.036,0.294,0.2889,90,60,True
1790303400,2026-09-25T02:30:00Z,บ้านหมี่,136,0.0,0.0,0.0,,,True
1790303400,2026-09-25T02:30:00Z,ท่าหลวง,100,0.0,0.0,0.0,,,True
1790303400,2026-09-25T02:30:00Z,ชัยบาดาล,280,0.0,0.0,0.0,,,True
1790303400,2026-09-25T02:30:00Z,ท่าวุ้ง,64,0.0,0.0,0.0,,,True
1790303400,2026-09-25T02:30:00Z,พัฒนานิคม,217,0.0,0.0,0.0,,,True
1790303400,2026-09-25T02:30:00Z,โคกสำโรง,180,0.0,0.0,0.0,,,True
1790303400,2026-09-25T02:30:00Z,หนองหญ้าไซ,108,0.0,0.0,0.0,,,True
1790303400,2026-09-25T02:30:00Z,ท่าช้าง,11,0.0,0.0,0.0,,,True
1790303400,2026-09-25T02:30:00Z,อินทร์บุรี,66,0.0,0.0,0.0,,,True
1790303400,2026-09-25T02:30:00Z,ค่ายบางระจัน,26,0.0,0.0,0.0,,,True
1790303400,2026-09-25T02:30:00Z,พรหมบุรี,19,0.0,0.0,0.0,,,True
1790303400,2026-09-25T02:30:00Z,เนินสง่า,65,0.0,0.0,0.0,,,True
1790303400,2026-09-25T02:30:00Z,เมืองสิงห์บุรี,31,0.0,0.0,0.0,,,True
1790303400,2026-09-25T02:30:00Z,ซับใหญ่,72,0.0,0.0,0.0,,,True
1790303400,2026-09-25T02:30:00Z,บางระจัน,46,0.0,0.0,0.0,,,True
1790303400,2026-09-25T02:30:00Z,ภูกระดึง,190,0.0,0.0,0.0,,,True
1790303400,2026-09-25T02:30:00Z,ภูหลวง,145,0.0,0.0,0.0,,,True
1790303400,2026-09-25T02:30:00Z,หนองหิน,78,0.0,0.0,0.0,,,True
1790303400,2026-09-25T02:30:00Z,ผาขาว,100,0.0,0.0,0.0,,,True
1790303400,2026-09-25T02:30:00Z,เอราวัณ,87,0.0,0.0,0.0,,,True
1790303400,2026-09-25T02:30:00Z,วังสะพุง,281,0.0,0.0,0.0,,,True
1790303400,2026-09-25T02:30:00Z,วังม่วง,70,0.0,0.0,0.0,,,True
1790303400,2026-09-25T02:30:00Z,เฉลิมพระเกียรติ,35,0.0,0.0,0.0,,,True
1790303400,2026-09-25T02:30:00Z,มวกเหล็ก,175,0.0,0.0,0.0,,,True
1790303400,2026-09-25T02:30:00Z,บ้านเขว้า,124,0.0,0.0,0.0,,,True
1790303400,2026-09-25T02:30:00Z,คอนสวรรค์,113,0.0,0.0,0.0,,,True
1790303400,2026-09-25T02:30:00Z,เมืองชัยภูมิ,358,0.0,0.0,0.0,,,True
1790303400,2026-09-25T02:30:00Z,วังทอง,425,0.001,0.098,0.0071,,15,True
1790303400,2026-09-25T02:30:00Z,เนินมะปราง,276,0.011,0.201,0.0906,,15,True
1790303400,2026-09-25T02:30:00Z,สวรรคโลก,156,0.001,0.098,0.0064,,120,True
1790303400,2026-09-25T02:30:00Z,ศรีนคร,46,0.0,0.0,0.0,,,True
1790303400,2026-09-25T02:30:00Z,หันคา,139,0.0,0.0,0.0,,,True
1790303400,2026-09-25T02:30:00Z,ศรีสัชนาลัย,534,0.0,0.0,0.0,,,True
1790303400,2026-09-25T02:30:00Z,หนองมะโมง,76,0.0,0.0,0.0,,,True
1790303400,2026-09-25T02:30:00Z,ศรีสำโรง,142,0.006,0.201,0.0563,,105,True
1790303400,2026-09-25T02:30:00Z,สรรพยา,55,0.0,0.0,0.0,,,True
1790303400,2026-09-25T02:30:00Z,คีรีมาศ,171,0.001,0.098,0.0117,,90,True
1790303400,2026-09-25T02:30:00Z,สรรคบุรี,89,0.0,0.0,0.0,,,True
1790303400,2026-09-25T02:30:00Z,กงไกรลาศ,108,0.0,0.0,0.0,,,True
1790303400,2026-09-25T02:30:00Z,มโนรมย์,66,0.0,0.0,0.0,,,True
1790303400,2026-09-25T02:30:00Z,เมืองสุโขทัย,136,0.004,0.098,0.0368,,120,True
1790303400,2026-09-25T02:30:00Z,วัดสิงห์,67,0.0,0.0,0.0,,,True
1790303400,2026-09-25T02:30:00Z,บ้านด่านลานหอย,231,0.0,0.0,0.0,,,True
1790303400,2026-09-25T02:30:00Z,เมืองชัยนาท,70,0.0,0.0,0.0,,,True
1790303400,2026-09-25T02:30:00Z,เนินขาม,65,0.0,0.0,0.0,,,True
1790303400,2026-09-25T02:30:00Z,คอนสาร,334,0.0,0.0,0.0,,,True
1790303400,2026-09-25T02:30:00Z,ภักดีชุมพล,154,0.003,0.098,0.026,,45,True
1790303400,2026-09-25T02:30:00Z,บ้านแท่น,76,0.0,0.0,0.0,,,True
1790303400,2026-09-25T02:30:00Z,แก้งคร้อ,168,0.0,0.0,0.0,,,True
1790303400,2026-09-25T02:30:00Z,ภูเขียว,201,0.0,0.0,0.0,,,True
1790303400,2026-09-25T02:30:00Z,หนองบัวระเหว,179,0.012,0.288,0.0838,,15,True
1790303400,2026-09-25T02:30:00Z,เทพสถิต,239,0.038,0.299,0.2343,15,15,True
1790303400,2026-09-25T02:30:00Z,จัตุรัส,172,0.0,0.0,0.0,,,True
1790303400,2026-09-25T02:30:00Z,บำเหน็จณรงค์,120,0.0,0.0,0.0,,,True
1790303400,2026-09-25T02:30:00Z,เกษตรสมบูรณ์,268,0.0,0.0,0.0,,,True
1790303400,2026-09-25T02:30:00Z,หนองบัวแดง,537,0.0,0.0,0.0,,,True
1790303400,2026-09-25T02:30:00Z,ภูเรือ,168,0.0,0.0,0.0,,,True
1790303400,2026-09-25T02:30:00Z,ท่าลี่,171,0.0,0.0,0.0,,,True
1790303400,2026-09-25T02:30:00Z,วชิรบารมี,68,0.02,0.098,0.2059,30,15,True
1790303400,2026-09-25T02:30:00Z,ด่านซ้าย,341,0.0,0.0,0.0,,,True
1790303400,2026-09-25T02:30:00Z,นาแห้ว,153,0.0,0.0,0.0,,,True
1790303400,2026-09-25T02:30:00Z,บึงนาราง,74,0.279,0.598,0.9595,15,15,True
1790303400,2026-09-25T02:30:00Z,เชียงคาน,213,0.0,0.0,0.0,,,True
1790303400,2026-09-25T02:30:00Z,ดงเจริญ,56,0.0,0.0,0.0,,,True
1790303400,2026-09-25T02:30:00Z,ปากชม,240,0.0,0.0,0.0,,,True
1790303400,2026-09-25T02:30:00Z,เมืองเลย,314,0.0,0.0,0.0,,,True
1790303400,2026-09-25T02:30:00Z,นาด้วง,143,0.0,0.0,0.0,,,True
1790303400,2026-09-25T02:30:00Z,สากเหล็ก,45,0.0,0.0,0.0,,,True
1790303400,2026-09-25T02:30:00Z,สามง่าม,89,0.009,0.098,0.0899,,15,True
1790303400,2026-09-25T02:30:00Z,ทับคล้อ,104,0.013,0.098,0.1346,15,15,True
1790303400,2026-09-25T02:30:00Z,พรหมพิราม,206,0.007,0.098,0.0728,,15,True
1790303400,2026-09-25T02:30:00Z,ด่านขุนทด,344,0.0,0.0,0.0,,,True
1790303400,2026-09-25T02:30:00Z,วัดโบสถ์,226,0.007,0.201,0.0664,,45,True
1790303400,2026-09-25T02:30:00Z,บางระกำ,246,0.008,0.201,0.0772,,30,True
1790303400,2026-09-25T02:30:00Z,บางกระทุ่ม,91,0.002,0.098,0.022,,15,True
1790303400,2026-09-25T02:30:00Z,นครไทย,597,0.0,0.0,0.0,,,True
1790303400,2026-09-25T02:30:00Z,ชาติตระการ,415,0.006,0.201,0.0554,,15,True
1790303400,2026-09-25T02:30:00Z,บ้านเหลื่อม,55,0.0,0.0,0.0,,,True
1790303400,2026-09-25T02:30:00Z,เมืองพิษณุโลก,178,0.007,0.201,0.0562,,15,True
1790303400,2026-09-25T02:30:00Z,ชุมแสง,145,0.0,0.0,0.0,,,True
1790303400,2026-09-25T02:30:00Z,หนองบัว,208,0.0,0.0,0.0,,,True
1790303400,2026-09-25T02:30:00Z,เมืองนครสวรรค์,183,0.0,0.0,0.0,,,True
1790303400,2026-09-25T02:30:00Z,โกรกพระ,71,0.0,0.0,0.0,,,True
1790303400,2026-09-25T02:30:00Z,ไพศาลี,244,0.004,0.196,0.0328,,105,True
1790303400,2026-09-25T02:30:00Z,ตาคลี,206,0.002,0.201,0.0146,,120,True
1790303400,2026-09-25T02:30:00Z,ท่าตะโก,211,0.0,0.0,0.0,,,True
1790303400,2026-09-25T02:30:00Z,เขาค้อ,207,0.002,0.201,0.0145,,15,True
1790303400,2026-09-25T02:30:00Z,บรรพตพิสัย,181,0.131,0.495,0.4475,45,45,True
1790303400,2026-09-25T02:30:00Z,เก้าเลี้ยว,57,0.0,0.0,0.0,,,True
1790303400,2026-09-25T02:30:00Z,วังโป่ง,123,0.002,0.098,0.0163,,30,True
1790303400,2026-09-25T02:30:00Z,บึงสามพัน,194,0.0,0.0,0.0,,,True
1790303400,2026-09-25T02:30:00Z,น้ำหนาว,231,0.0,0.0,0.0,,,True
1790303400,2026-09-25T02:30:00Z,ศรีเทพ,204,0.016,0.201,0.1373,45,15,True
1790303400,2026-09-25T02:30:00Z,หนองไผ่,315,0.0,0.0,0.0,,,True
1790303400,2026-09-25T02:30:00Z,มหาราช,4,0.0,0.0,0.0,,,False
1790303400,2026-09-25T02:30:00Z,บ้านแพรก,10,0.0,0.0,0.0,,,True
1790303400,2026-09-25T02:30:00Z,บางมูลนาก,99,0.0,0.0,0.0,,,True
1790303400,2026-09-25T02:30:00Z,โพทะเล,131,0.077,0.495,0.2824,30,15,True
1790303400,2026-09-25T02:30:00Z,โพธิ์ประทับช้าง,102,0.072,0.49,0.3431,30,30,True
1790303400,2026-09-25T02:30:00Z,ตะพานหิน,109,0.164,0.495,0.7339,15,15,True
1790303400,2026-09-25T02:30:00Z,เมืองพิจิตร,138,0.062,0.49,0.3116,15,15,True
1790303400,2026-09-25T02:30:00Z,วังทรายพูน,66,0.086,0.392,0.5455,15,15,True
1790304300,2026-09-25T02:45:00Z,พิชัย,176,0.029,0.299,0.25,60,45,True
1790304300,2026-09-25T02:45:00Z,ลับแล,116,0.0,0.0,0.0,,,True
1790304300,2026-09-25T02:45:00Z,ฟากท่า,163,0.0,0.0,0.0,,,True
1790304300,2026-09-25T02:45:00Z,บ้านโคก,247,0.0,0.0,0.0,,,True
1790304300,2026-09-25T02:45:00Z,ท่าปลา,442,0.0,0.0,0.0,,,True
1790304300,2026-09-25T02:45:00Z,น้ำปาด,363,0.0,0.0,0.0,,,True
1790304300,2026-09-25T02:45:00Z,เมืองอุตรดิตถ์,202,0.0,0.0,0.0,,,True
1790304300,2026-09-25T02:45:00Z,ตรอน,80,0.029,0.299,0.2125,45,45,True
1790304300,2026-09-25T02:45:00Z,หล่มเก่า,246,0.0,0.0,0.0,,,True
1790304300,2026-09-25T02:45:00Z,วิเชียรบุรี,377,0.113,0.891,0.4377,45,15,True
1790304300,2026-09-25T02:45:00Z,ชนแดน,279,0.0,0.0,0.0,,,True
1790304300,2026-09-25T02:45:00Z,หล่มสัก,350,0.0,0.0,0.0,,,True
1790304300,2026-09-25T02:45:00Z,เมืองเพชรบูรณ์,571,0.0,0.098,0.0018,,15,True
1790304300,2026-09-25T02:45:00Z,ทองแสนขัน,185,0.04,0.299,0.3351,15,15,True
1790304300,2026-09-25T02:45:00Z,บึงสามัคคี,71,0.112,0.397,0.5634,60,60,True
1790304300,2026-09-25T02:45:00Z,โกสัมพีนคร,137,0.0,0.0,0.0,,,True
1790304300,2026-09-25T02:45:00Z,สอง,380,0.0,0.0,0.0,,,True
1790304300,2026-09-25T02:45:00Z,วังชิ้น,255,0.0,0.0,0.0,,,True
1790304300,2026-09-25T02:45:00Z,สูงเม่น,88,0.0,0.0,0.0,,,True
1790304300,2026-09-25T02:45:00Z,เด่นชัย,135,0.0,0.0,0.0,,,True
1790304300,2026-09-25T02:45:00Z,ร้องกวาง,221,0.0,0.0,0.0,,,True
1790304300,2026-09-25T02:45:00Z,ลอง,317,0.0,0.0,0.0,,,True
1790304300,2026-09-25T02:45:00Z,เมืองแพร่,205,0.0,0.0,0.0,,,True
1790304300,2026-09-25T02:45:00Z,ทัพทัน,94,0.0,0.0,0.0,,,True
1790304300,2026-09-25T02:45:00Z,สว่างอารมณ์,110,0.0,0.0,0.0,,,True
1790304300,2026-09-25T02:45:00Z,เมืองอุทัยธานี,59,0.0,0.0,0.0,,,True
1790304300,2026-09-25T02:45:00Z,ห้วยคต,94,0.0,0.0,0.0,,,True
1790304300,2026-09-25T02:45:00Z,ศรีสวัสดิ์,440,0.001,0.098,0.0091,,15,True
1790304300,2026-09-25T02:45:00Z,บ้านไร่,821,0.023,0.897,0.1194,30,15,True
1790304300,2026-09-25T02:45:00Z,ลานสัก,360,0.03,0.799,0.1056,15,15,True
1790304300,2026-09-25T02:45:00Z,หนองฉาง,89,0.0,0.0,0.0,,,True
1790304300,2026-09-25T02:45:00Z,หนองขาหย่าง,43,0.0,0.0,0.0,,,True
1790304300,2026-09-25T02:45:00Z,เชียงม่วน,82,0.0,0.0,0.0,,,True
1790304300,2026-09-25T02:45:00Z,ดอกคำใต้,37,0.0,0.0,0.0,,,True
1790304300,2026-09-25T02:45:00Z,เมืองพะเยา,6,0.0,0.0,0.0,,,True
1790304300,2026-09-25T02:45:00Z,ทองผาภูมิ,851,0.004,0.196,0.0294,,15,True
1790304300,2026-09-25T02:45:00Z,สังขละบุรี,793,0.023,0.587,0.1324,120,15,True
1790304300,2026-09-25T02:45:00Z,หนองม่วงไข่,35,0.0,0.0,0.0,,,True
1790304300,2026-09-25T02:45:00Z,ภูเวียง,81,0.0,0.0,0.0,,,True
1790304300,2026-09-25T02:45:00Z,มัญจาคีรี,50,0.0,0.0,0.0,,,True
1790304300,2026-09-25T02:45:00Z,หนองปรือ,104,0.0,0.0,0.0,,,True
1790304300,2026-09-25T02:45:00Z,เลาขวัญ,123,0.0,0.0,0.0,,,True
1790304300,2026-09-25T02:45:00Z,หนองนาคำ,43,0.0,0.0,0.0,,,True
1790304300,2026-09-25T02:45:00Z,โคกโพธิ์ไชย,65,0.0,0.0,0.0,,,True
1790304300,2026-09-25T02:45:00Z,บ้านหลวง,91,0.0,0.0,0.0,,,True
1790304300,2026-09-25T02:45:00Z,นาน้อย,266,0.0,0.0,0.0,,,True
1790304300,2026-09-25T02:45:00Z,ภูผาม่าน,74,0.0,0.0,0.0,,,True
1790304300,2026-09-25T02:45:00Z,เมืองน่าน,161,0.0,0.0,0.0,,,True
1790304300,2026-09-25T02:45:00Z,แม่จริม,262,0.0,0.0,0.0,,,True
1790304300,2026-09-25T02:45:00Z,เวียงเก่า,78,0.0,0.0,0.0,,,True
1790304300,2026-09-25T02:45:00Z,เมืองกำแพงเพชร,368,0.003,0.201,0.0272,,90,True
1790304300,2026-09-25T02:45:00Z,ไทรงาม,133,0.003,0.201,0.0226,,75,True
1790304300,2026-09-25T02:45:00Z,ปางศิลาทอง,186,0.08,1.216,0.2742,15,15,True
1790304300,2026-09-25T02:45:00Z,ลานกระบือ,103,0.005,0.201,0.0388,,60,True
1790304300,2026-09-25T02:45:00Z,ทรายทองวัฒนา,53,0.0,0.0,0.0,,,True
1790304300,2026-09-25T02:45:00Z,คลองขลุง,179,0.009,0.397,0.0503,,75,True
1790304300,2026-09-25T02:45:00Z,พรานกระต่าย,252,0.0,0.098,0.004,,120,True
1790304300,2026-09-25T02:45:00Z,คลองลาน,363,0.002,0.288,0.0083,,15,True
1790304300,2026-09-25T02:45:00Z,ขาณุวรลักษบุรี,296,0.086,0.397,0.4932,90,45,True
1790304300,2026-09-25T02:45:00Z,ภูเพียง,113,0.0,0.0,0.0,,,True
1790304300,2026-09-25T02:45:00Z,นาหมื่น,245,0.0,0.0,0.0,,,True
1790304300,2026-09-25T02:45:00Z,เวียงสา,543,0.0,0.0,0.0,,,True
1790304300,2026-09-25T02:45:00Z,น้ำโสม,153,0.0,0.0,0.0,,,True
1790304300,2026-09-25T02:45:00Z,นายูง,126,0.0,0.0,0.0,,,True
1790304300,2026-09-25T02:45:00Z,ชุมแพ,173,0.0,0.0,0.0,,,True
1790304300,2026-09-25T02:45:00Z,สีชมพู,132,0.0,0.0,0.0,,,True
1790304300,2026-09-25T02:45:00Z,สุวรรณคูหา,140,0.0,0.0,0.0,,,True
1790304300,2026-09-25T02:45:00Z,นาวัง,65,0.0,0.0,0.0,,,True
1790304300,2026-09-25T02:45:00Z,หนองเรือ,80,0.0,0.0,0.0,,,True
1790304300,2026-09-25T02:45:00Z,โนนสัง,51,0.0,0.0,0.0,,,True
1790304300,2026-09-25T02:45:00Z,ศรีบุญเรือง,224,0.0,0.0,0.0,,,True
1790304300,2026-09-25T02:45:00Z,เมืองหนองบัวลำภู,217,0.0,0.0,0.0,,,True
1790304300,2026-09-25T02:45:00Z,นากลาง,173,0.0,0.0,0.0,,,True
1790304300,2026-09-25T02:45:00Z,ทุ่งเสลี่ยม,144,0.001,0.098,0.0069,,120,True
1790304300,2026-09-25T02:45:00Z,ดอยหล่อ,56,0.0,0.0,0.0,,,True
1790304300,2026-09-25T02:45:00Z,เมืองตาก,486,0.0,0.0,0.0,,,True
1790304300,2026-09-25T02:45:00Z,แม่ออน,116,0.0,0.0,0.0,,,True
1790304300,2026-09-25T02:45:00Z,อุ้มผาง,1209,0.119,1.216,0.4078,30,15,True
1790304300,2026-09-25T02:45:00Z,วังเจ้า,183,0.001,0.098,0.0109,,15,True
1790304300,2026-09-25T02:45:00Z,แม่สอด,398,0.0,0.0,0.0,,,True
1790304300,2026-09-25T02:45:00Z,พบพระ,249,0.004,0.098,0.0402,,15,True
1790304300,2026-09-25T02:45:00Z,แม่ระมาด,380,0.0,0.0,0.0,,,True
1790304300,2026-09-25T02:45:00Z,ท่าสองยาง,401,0.0,0.0,0.0,,,True
1790304300,2026-09-25T02:45:00Z,บ้านตาก,255,0.0,0.0,0.0,,,True
1790304300,2026-09-25T02:45:00Z,สามเงา,698,0.0,0.0,0.0,,,True
1790304300,2026-09-25T02:45:00Z,จอมทอง,280,0.0,0.0,0.0,,,True
1790304300,2026-09-25T02:45:00Z,แก้งสนามนาง,79,0.0,0.0,0.0,,,True
1790304300,2026-09-25T02:45:00Z,สีคิ้ว,292,0.0,0.0,0.0,,,True
1790304300,2026-09-25T02:45:00Z,พระทองคำ,90,0.0,0.0,0.0,,,True
1790304300,2026-09-25T02:45:00Z,เทพารักษ์,92,0.001,0.098,0.0109,,15,True
1790304300,2026-09-25T02:45:00Z,สันกำแพง,65,0.0,0.0,0.0,,,True
1790304300,2026-09-25T02:45:00Z,สันป่าตอง,44,0.0,0.0,0.0,,,True
1790304300,2026-09-25T02:45:00Z,ดอยเต่า,213,0.0,0.0,0.0,,,True
1790304300,2026-09-25T02:45:00Z,อมก๋อย,704,0.0,0.0,0.0,,,True
1790304300,2026-09-25T02:45:00Z,ฮอด,378,0.0,0.0,0.0,,,True
1790304300,2026-09-25T02:45:00Z,เมืองลำพูน,117,0.0,0.0,0.0,,,True
1790304300,2026-09-25T02:45:00Z,แม่ทา,192,0.0,0.0,0.0,,,True
1790304300,2026-09-25T02:45:00Z,บ้านธิ,34,0.0,0.0,0.0,,,True
1790304300,2026-09-25T02:45:00Z,บ้านหมอ,24,0.0,0.0,0.0,,,True
1790304300,2026-09-25T02:45:00Z,เวียงหนองล่อง,14,0.0,0.0,0.0,,,True
1790304300,2026-09-25T02:45:00Z,ทุ่งหัวช้าง,113,0.0,0.0,0.0,,,True
1790304300,2026-09-25T02:45:00Z,ป่าซาง,74,0.0,0.0,0.0,,,True
1790304300,2026-09-25T02:45:00Z,บ้านโฮ่ง,124,0.0,0.0,0.0,,,True
1790304300,2026-09-25T02:45:00Z,แก่งคอย,73,0.0,0.0,0.0,,,True
1790304300,2026-09-25T02:45:00Z,ลี้,454,0.0,0.0,0.0,,,True
1790304300,2026-09-25T02:45:00Z,พระพุทธบาท,55,0.0,0.0,0.0,,,True
1790304300,2026-09-25T02:45:00Z,ดอนพุด,7,0.0,0.0,0.0,,,True
1790304300,2026-09-25T02:45:00Z,หนองโดน,31,0.0,0.0,0.0,,,True
1790304300,2026-09-25T02:45:00Z,เมืองลำปาง,300,0.0,0.0,0.0,,,True
1790304300,2026-09-25T02:45:00Z,เถิน,443,0.0,0.0,0.0,,,True
1790304300,2026-09-25T02:45:00Z,แม่พริก,167,0.0,0.0,0.0,,,True
1790304300,2026-09-25T02:45:00Z,แจ้ห่ม,274,0.0,0.0,0.0,,,True
1790304300,2026-09-25T02:45:00Z,แม่เปิน,85,0.072,0.587,0.2941,15,15,True
1790304300,2026-09-25T02:45:00Z,เสริมงาม,185,0.0,0.0,0.0,,,True
1790304300,2026-09-25T02:45:00Z,ชุมตาบง,61,0.0,0.0,0.0,,,True
1790304300,2026-09-25T02:45:00Z,งาว,344,0.0,0.0,0.0,,,True
1790304300,2026-09-25T02:45:00Z,ตากฟ้า,125,0.003,0.098,0.032,,90,True
1790304300,2026-09-25T02:45:00Z,แม่เมาะ,283,0.0,0.0,0.0,,,True
1790304300,2026-09-25T02:45:00Z,แม่วงก์,257,0.01,0.196,0.0895,,15,True
1790304300,2026-09-25T02:45:00Z,เกาะคา,128,0.0,0.0,0.0,,,True
1790304300,2026-09-25T02:45:00Z,พยุหะคีรี,169,0.0,0.0,0.0,,,True
1790304300,2026-09-25T02:45:00Z,ลาดยาว,187,0.0,0.0,0.0,,,True
1790304300,2026-09-25T02:45:00Z,สบปราบ,125,0.0,0.0,0.0,,,True
1790304300,2026-09-25T02:45:00Z,ห้างฉัตร,154,0.0,0.0,0.0,,,True
1790304300,2026-09-25T02:45:00Z,แม่ทะ,203,0.0,0.0,0.0,,,True
1790304300,2026-09-25T02:45:00Z,เมืองปาน,202,0.0,0.0,0.0,,,True
1790304300,2026-09-25T02:45:00Z,เมืองอ่างทอง,6,0.0,0.0,0.0,,,True
1790304300,2026-09-25T02:45:00Z,ไชโย,20,0.0,0.0,0.0,,,True
1790304300,2026-09-25T02:45:00Z,สามโก้,10,0.0,0.0,0.0,,,True
1790304300,2026-09-25T02:45:00Z,แสวงหา,43,0.0,0.0,0.0,,,True
1790304300,2026-09-25T02:45:00Z,วิเศษชัยชาญ,7,0.0,0.0,0.0,,,True
1790304300,2026-09-25T02:45:00Z,โพธิ์ทอง,48,0.0,0.0,0.0,,,True
1790304300,2026-09-25T02:45:00Z,เมืองลพบุรี,190,0.0,0.0,0.0,,,True
1790304300,2026-09-25T02:45:00Z,เดิมบางนางบวช,130,0.0,0.0,0.0,,,True
1790304300,2026-09-25T02:45:00Z,ด่านช้าง,309,0.0,0.0,0.0,,,True
1790304300,2026-09-25T02:45:00Z,หนองม่วง,111,0.005,0.098,0.0541,,75,True
1790304300,2026-09-25T02:45:00Z,ลำสนธิ,136,0.023,0.614,0.1029,30,15,True
1790304300,2026-09-25T02:45:00Z,สามชุก,77,0.0,0.0,0.0,,,True
1790304300,2026-09-25T02:45:00Z,ดอนเจดีย์,72,0.0,0.0,0.0,,,True
1790304300,2026-09-25T02:45:00Z,สระโบสถ์,83,0.0,0.0,0.0,,,True
1790304300,2026-09-25T02:45:00Z,ศรีประจันต์,41,0.0,0.0,0.0,,,True
1790304300,2026-09-25T02:45:00Z,โคกเจริญ,135,0.031,0.712,0.1704,105,45,True
1790304300,2026-09-25T02:45:00Z,บ้านหมี่,136,0.0,0.0,0.0,,,True
1790304300,2026-09-25T02:45:00Z,ท่าหลวง,100,0.0,0.0,0.0,,,True
1790304300,2026-09-25T02:45:00Z,ชัยบาดาล,280,0.001,0.098,0.0107,,45,True
1790304300,2026-09-25T02:45:00Z,ท่าวุ้ง,64,0.0,0.0,0.0,,,True
1790304300,2026-09-25T02:45:00Z,พัฒนานิคม,217,0.0,0.0,0.0,,,True
1790304300,2026-09-25T02:45:00Z,โคกสำโรง,180,0.002,0.098,0.0167,,90,True
1790304300,2026-09-25T02:45:00Z,หนองหญ้าไซ,108,0.0,0.0,0.0,,,True
1790304300,2026-09-25T02:45:00Z,ท่าช้าง,11,0.0,0.0,0.0,,,True
1790304300,2026-09-25T02:45:00Z,อินทร์บุรี,66,0.0,0.0,0.0,,,True
1790304300,2026-09-25T02:45:00Z,ค่ายบางระจัน,26,0.0,0.0,0.0,,,True
1790304300,2026-09-25T02:45:00Z,พรหมบุรี,19,0.0,0.0,0.0,,,True
1790304300,2026-09-25T02:45:00Z,เนินสง่า,65,0.0,0.0,0.0,,,True
1790304300,2026-09-25T02:45:00Z,เมืองสิงห์บุรี,31,0.0,0.0,0.0,,,True
1790304300,2026-09-25T02:45:00Z,ซับใหญ่,72,0.0,0.0,0.0,,,True
1790304300,2026-09-25T02:45:00Z,บางระจัน,46,0.0,0.0,0.0,,,True
1790304300,2026-09-25T02:45:00Z,ภูกระดึง,190,0.0,0.0,0.0,,,True
1790304300,2026-09-25T02:45:00Z,ภูหลวง,145,0.0,0.0,0.0,,,True
1790304300,2026-09-25T02:45:00Z,หนองหิน,78,0.0,0.0,0.0,,,True
1790304300,2026-09-25T02:45:00Z,ผาขาว,100,0.0,0.0,0.0,,,True
1790304300,2026-09-25T02:45:00Z,เอราวัณ,87,0.0,0.0,0.0,,,True
1790304300,2026-09-25T02:45:00Z,วังสะพุง,281,0.0,0.0,0.0,,,True
1790304300,2026-09-25T02:45:00Z,วังม่วง,70,0.0,0.0,0.0,,,True
1790304300,2026-09-25T02:45:00Z,เฉลิมพระเกียรติ,35,0.0,0.0,0.0,,,True
1790304300,2026-09-25T02:45:00Z,มวกเหล็ก,175,0.0,0.0,0.0,,,True
1790304300,2026-09-25T02:45:00Z,บ้านเขว้า,124,0.0,0.0,0.0,,,True
1790304300,2026-09-25T02:45:00Z,คอนสวรรค์,113,0.0,0.0,0.0,,,True
1790304300,2026-09-25T02:45:00Z,เมืองชัยภูมิ,358,0.0,0.0,0.0,,,True
1790304300,2026-09-25T02:45:00Z,วังทอง,425,0.0,0.0,0.0,,,True
1790304300,2026-09-25T02:45:00Z,เนินมะปราง,276,0.007,0.098,0.0688,,15,True
1790304300,2026-09-25T02:45:00Z,สวรรคโลก,156,0.047,0.299,0.3974,105,90,True
1790304300,2026-09-25T02:45:00Z,ศรีนคร,46,0.051,0.299,0.3913,75,75,True
1790304300,2026-09-25T02:45:00Z,หันคา,139,0.0,0.0,0.0,,,True
1790304300,2026-09-25T02:45:00Z,ศรีสัชนาลัย,534,0.0,0.0,0.0,,,True
1790304300,2026-09-25T02:45:00Z,หนองมะโมง,76,0.0,0.0,0.0,,,True
1790304300,2026-09-25T02:45:00Z,ศรีสำโรง,142,0.002,0.098,0.0211,,105,True
1790304300,2026-09-25T02:45:00Z,สรรพยา,55,0.0,0.0,0.0,,,True
1790304300,2026-09-25T02:45:00Z,คีรีมาศ,171,0.003,0.098,0.0351,,60,True
1790304300,2026-09-25T02:45:00Z,สรรคบุรี,89,0.0,0.0,0.0,,,True
1790304300,2026-09-25T02:45:00Z,กงไกรลาศ,108,0.003,0.098,0.0278,,45,True
1790304300,2026-09-25T02:45:00Z,มโนรมย์,66,0.0,0.0,0.0,,,True
1790304300,2026-09-25T02:45:00Z,เมืองสุโขทัย,136,0.001,0.098,0.0074,,75,True
1790304300,2026-09-25T02:45:00Z,วัดสิงห์,67,0.0,0.0,0.0,,,True
1790304300,2026-09-25T02:45:00Z,บ้านด่านลานหอย,231,0.0,0.0,0.0,,,True
1790304300,2026-09-25T02:45:00Z,เมืองชัยนาท,70,0.0,0.0,0.0,,,True
1790304300,2026-09-25T02:45:00Z,เนินขาม,65,0.0,0.0,0.0,,,True
1790304300,2026-09-25T02:45:00Z,คอนสาร,334,0.0,0.0,0.0,,,True
1790304300,2026-09-25T02:45:00Z,ภักดีชุมพล,154,0.008,0.299,0.0455,,15,True
1790304300,2026-09-25T02:45:00Z,บ้านแท่น,76,0.0,0.0,0.0,,,True
1790304300,2026-09-25T02:45:00Z,แก้งคร้อ,168,0.0,0.0,0.0,,,True
1790304300,2026-09-25T02:45:00Z,ภูเขียว,201,0.0,0.0,0.0,,,True
1790304300,2026-09-25T02:45:00Z,หนองบัวระเหว,179,0.0,0.0,0.0,,,True
1790304300,2026-09-25T02:45:00Z,เทพสถิต,239,0.029,0.402,0.1841,15,15,True
1790304300,2026-09-25T02:45:00Z,จัตุรัส,172,0.0,0.0,0.0,,,True
1790304300,2026-09-25T02:45:00Z,บำเหน็จณรงค์,120,0.0,0.0,0.0,,,True
1790304300,2026-09-25T02:45:00Z,เกษตรสมบูรณ์,268,0.0,0.0,0.0,,,True
1790304300,2026-09-25T02:45:00Z,หนองบัวแดง,537,0.0,0.0,0.0,,,True
1790304300,2026-09-25T02:45:00Z,ภูเรือ,168,0.0,0.0,0.0,,,True
1790304300,2026-09-25T02:45:00Z,ท่าลี่,171,0.0,0.0,0.0,,,True
1790304300,2026-09-25T02:45:00Z,วชิรบารมี,68,0.0,0.0,0.0,,,True
1790304300,2026-09-25T02:45:00Z,ด่านซ้าย,341,0.0,0.0,0.0,,,True
1790304300,2026-09-25T02:45:00Z,นาแห้ว,153,0.0,0.0,0.0,,,True
1790304300,2026-09-25T02:45:00Z,บึงนาราง,74,0.207,0.49,0.9595,30,15,True
1790304300,2026-09-25T02:45:00Z,เชียงคาน,213,0.0,0.0,0.0,,,True
1790304300,2026-09-25T02:45:00Z,ดงเจริญ,56,0.0,0.0,0.0,,,True
1790304300,2026-09-25T02:45:00Z,ปากชม,240,0.0,0.0,0.0,,,True
1790304300,2026-09-25T02:45:00Z,เมืองเลย,314,0.0,0.0,0.0,,,True
1790304300,2026-09-25T02:45:00Z,นาด้วง,143,0.0,0.0,0.0,,,True
1790304300,2026-09-25T02:45:00Z,สากเหล็ก,45,0.0,0.0,0.0,,,True
1790304300,2026-09-25T02:45:00Z,สามง่าม,89,0.0,0.0,0.0,,,True
1790304300,2026-09-25T02:45:00Z,ทับคล้อ,104,0.018,0.196,0.1731,30,15,True
1790304300,2026-09-25T02:45:00Z,พรหมพิราม,206,0.001,0.098,0.0146,,15,True
1790304300,2026-09-25T02:45:00Z,ด่านขุนทด,344,0.0,0.0,0.0,,,True
1790304300,2026-09-25T02:45:00Z,วัดโบสถ์,226,0.001,0.098,0.0133,,30,True
1790304300,2026-09-25T02:45:00Z,บางระกำ,246,0.006,0.098,0.0569,,15,True
1790304300,2026-09-25T02:45:00Z,บางกระทุ่ม,91,0.0,0.0,0.0,,,True
1790304300,2026-09-25T02:45:00Z,นครไทย,597,0.0,0.0,0.0,,,True
1790304300,2026-09-25T02:45:00Z,ชาติตระการ,415,0.001,0.098,0.0072,,15,True
1790304300,2026-09-25T02:45:00Z,บ้านเหลื่อม,55,0.0,0.0,0.0,,,True
1790304300,2026-09-25T02:45:00Z,เมืองพิษณุโลก,178,0.0,0.0,0.0,,,True
1790304300,2026-09-25T02:45:00Z,ชุมแสง,145,0.0,0.0,0.0,,,True
1790304300,2026-09-25T02:45:00Z,หนองบัว,208,0.0,0.0,0.0,,,True
1790304300,2026-09-25T02:45:00Z,เมืองนครสวรรค์,183,0.0,0.0,0.0,,,True
1790304300,2026-09-25T02:45:00Z,โกรกพระ,71,0.0,0.0,0.0,,,True
1790304300,2026-09-25T02:45:00Z,ไพศาลี,244,0.049,0.69,0.2295,105,90,True
1790304300,2026-09-25T02:45:00Z,ตาคลี,206,0.001,0.098,0.0097,,105,True
1790304300,2026-09-25T02:45:00Z,ท่าตะโก,211,0.0,0.0,0.0,,,True
1790304300,2026-09-25T02:45:00Z,เขาค้อ,207,0.0,0.0,0.0,,,True
1790304300,2026-09-25T02:45:00Z,บรรพตพิสัย,181,0.066,0.49,0.2873,60,30,True
1790304300,2026-09-25T02:45:00Z,เก้าเลี้ยว,57,0.0,0.0,0.0,,,True
1790304300,2026-09-25T02:45:00Z,วังโป่ง,123,0.002,0.098,0.0244,,15,True
1790304300,2026-09-25T02:45:00Z,บึงสามพัน,194,0.0,0.0,0.0,,,True
1790304300,2026-09-25T02:45:00Z,น้ำหนาว,231,0.0,0.0,0.0,,,True
1790304300,2026-09-25T02:45:00Z,ศรีเทพ,204,0.003,0.098,0.0343,,15,True
1790304300,2026-09-25T02:45:00Z,หนองไผ่,315,0.0,0.0,0.0,,,True
1790304300,2026-09-25T02:45:00Z,มหาราช,4,0.0,0.0,0.0,,,False
1790304300,2026-09-25T02:45:00Z,บ้านแพรก,10,0.0,0.0,0.0,,,True
1790304300,2026-09-25T02:45:00Z,บางมูลนาก,99,0.0,0.0,0.0,,,True
1790304300,2026-09-25T02:45:00Z,โพทะเล,131,0.04,0.392,0.1832,45,15,True
1790304300,2026-09-25T02:45:00Z,โพธิ์ประทับช้าง,102,0.096,0.495,0.4902,30,15,True
1790304300,2026-09-25T02:45:00Z,ตะพานหิน,109,0.116,0.392,0.6422,15,15,True
1790304300,2026-09-25T02:45:00Z,เมืองพิจิตร,138,0.053,0.299,0.3551,15,15,True
1790304300,2026-09-25T02:45:00Z,วังทรายพูน,66,0.039,0.196,0.3788,15,15,True
1790305200,2026-09-25T03:00:00Z,พิชัย,176,0.032,0.201,0.3068,45,30,True
1790305200,2026-09-25T03:00:00Z,ลับแล,116,0.0,0.0,0.0,,,True
1790305200,2026-09-25T03:00:00Z,ฟากท่า,163,0.0,0.0,0.0,,,True
1790305200,2026-09-25T03:00:00Z,บ้านโคก,247,0.0,0.0,0.0,,,True
1790305200,2026-09-25T03:00:00Z,ท่าปลา,442,0.0,0.0,0.0,,,True
1790305200,2026-09-25T03:00:00Z,น้ำปาด,363,0.0,0.0,0.0,,,True
1790305200,2026-09-25T03:00:00Z,เมืองอุตรดิตถ์,202,0.0,0.0,0.0,,,True
1790305200,2026-09-25T03:00:00Z,ตรอน,80,0.084,0.299,0.6,30,30,True
1790305200,2026-09-25T03:00:00Z,หล่มเก่า,246,0.0,0.0,0.0,,,True
1790305200,2026-09-25T03:00:00Z,วิเชียรบุรี,377,0.041,0.201,0.3448,30,15,True
1790305200,2026-09-25T03:00:00Z,ชนแดน,279,0.0,0.0,0.0,,,True
1790305200,2026-09-25T03:00:00Z,หล่มสัก,350,0.0,0.0,0.0,,,True
1790305200,2026-09-25T03:00:00Z,เมืองเพชรบูรณ์,571,0.0,0.098,0.0035,,15,True
1790305200,2026-09-25T03:00:00Z,ทองแสนขัน,185,0.038,0.299,0.3297,15,15,True
1790305200,2026-09-25T03:00:00Z,บึงสามัคคี,71,0.08,0.299,0.5634,60,60,True
1790305200,2026-09-25T03:00:00Z,โกสัมพีนคร,137,0.001,0.098,0.0073,,120,True
1790305200,2026-09-25T03:00:00Z,สอง,380,0.0,0.0,0.0,,,True
1790305200,2026-09-25T03:00:00Z,วังชิ้น,255,0.0,0.0,0.0,,,True
1790305200,2026-09-25T03:00:00Z,สูงเม่น,88,0.0,0.0,0.0,,,True
1790305200,2026-09-25T03:00:00Z,เด่นชัย,135,0.0,0.0,0.0,,,True
1790305200,2026-09-25T03:00:00Z,ร้องกวาง,221,0.0,0.0,0.0,,,True
1790305200,2026-09-25T03:00:00Z,ลอง,317,0.0,0.0,0.0,,,True
1790305200,2026-09-25T03:00:00Z,เมืองแพร่,205,0.0,0.0,0.0,,,True
1790305200,2026-09-25T03:00:00Z,ทัพทัน,94,0.0,0.0,0.0,,,True
1790305200,2026-09-25T03:00:00Z,สว่างอารมณ์,110,0.0,0.0,0.0,,,True
1790305200,2026-09-25T03:00:00Z,เมืองอุทัยธานี,59,0.0,0.0,0.0,,,True
1790305200,2026-09-25T03:00:00Z,ห้วยคต,94,0.0,0.0,0.0,,,True
1790305200,2026-09-25T03:00:00Z,ศรีสวัสดิ์,440,0.0,0.0,0.0,,,True
1790305200,2026-09-25T03:00:00Z,บ้านไร่,821,0.008,0.397,0.0365,,15,True
1790305200,2026-09-25T03:00:00Z,ลานสัก,360,0.012,0.397,0.0639,,15,True
1790305200,2026-09-25T03:00:00Z,หนองฉาง,89,0.0,0.0,0.0,,,True
1790305200,2026-09-25T03:00:00Z,หนองขาหย่าง,43,0.0,0.0,0.0,,,True
1790305200,2026-09-25T03:00:00Z,เชียงม่วน,82,0.0,0.0,0.0,,,True
1790305200,2026-09-25T03:00:00Z,ดอกคำใต้,37,0.0,0.0,0.0,,,True
1790305200,2026-09-25T03:00:00Z,เมืองพะเยา,6,0.0,0.0,0.0,,,True
1790305200,2026-09-25T03:00:00Z,ทองผาภูมิ,851,0.0,0.0,0.0,,,True
1790305200,2026-09-25T03:00:00Z,สังขละบุรี,793,0.019,0.5,0.0933,,75,True
1790305200,2026-09-25T03:00:00Z,หนองม่วงไข่,35,0.0,0.0,0.0,,,True
1790305200,2026-09-25T03:00:00Z,ภูเวียง,81,0.0,0.0,0.0,,,True
1790305200,2026-09-25T03:00:00Z,มัญจาคีรี,50,0.0,0.0,0.0,,,True
1790305200,2026-09-25T03:00:00Z,หนองปรือ,104,0.0,0.0,0.0,,,True
1790305200,2026-09-25T03:00:00Z,เลาขวัญ,123,0.0,0.0,0.0,,,True
1790305200,2026-09-25T03:00:00Z,หนองนาคำ,43,0.0,0.0,0.0,,,True
1790305200,2026-09-25T03:00:00Z,โคกโพธิ์ไชย,65,0.0,0.0,0.0,,,True
1790305200,2026-09-25T03:00:00Z,บ้านหลวง,91,0.0,0.0,0.0,,,True
1790305200,2026-09-25T03:00:00Z,นาน้อย,266,0.0,0.0,0.0,,,True
1790305200,2026-09-25T03:00:00Z,ภูผาม่าน,74,0.0,0.0,0.0,,,True
1790305200,2026-09-25T03:00:00Z,เมืองน่าน,161,0.0,0.0,0.0,,,True
1790305200,2026-09-25T03:00:00Z,แม่จริม,262,0.0,0.0,0.0,,,True
1790305200,2026-09-25T03:00:00Z,เวียงเก่า,78,0.0,0.0,0.0,,,True
1790305200,2026-09-25T03:00:00Z,เมืองกำแพงเพชร,368,0.033,0.592,0.1685,105,75,True
1790305200,2026-09-25T03:00:00Z,ไทรงาม,133,0.0,0.0,0.0,,,True
1790305200,2026-09-25T03:00:00Z,ปางศิลาทอง,186,0.025,0.848,0.129,15,15,True
1790305200,2026-09-25T03:00:00Z,ลานกระบือ,103,0.054,0.592,0.2621,45,45,True
1790305200,2026-09-25T03:00:00Z,ทรายทองวัฒนา,53,0.002,0.098,0.0189,,120,True
1790305200,2026-09-25T03:00:00Z,คลองขลุง,179,0.003,0.098,0.0335,,90,True
1790305200,2026-09-25T03:00:00Z,พรานกระต่าย,252,0.017,0.592,0.0913,,60,True
1790305200,2026-09-25T03:00:00Z,คลองลาน,363,0.0,0.0,0.0,,,True
1790305200,2026-09-25T03:00:00Z,ขาณุวรลักษบุรี,296,0.023,0.196,0.2297,105,30,True
1790305200,2026-09-25T03:00:00Z,ภูเพียง,113,0.0,0.0,0.0,,,True
1790305200,2026-09-25T03:00:00Z,นาหมื่น,245,0.0,0.0,0.0,,,True
1790305200,2026-09-25T03:00:00Z,เวียงสา,543,0.0,0.0,0.0,,,True
1790305200,2026-09-25T03:00:00Z,น้ำโสม,153,0.0,0.0,0.0,,,True
1790305200,2026-09-25T03:00:00Z,นายูง,126,0.0,0.0,0.0,,,True
1790305200,2026-09-25T03:00:00Z,ชุมแพ,173,0.0,0.0,0.0,,,True
1790305200,2026-09-25T03:00:00Z,สีชมพู,132,0.0,0.0,0.0,,,True
1790305200,2026-09-25T03:00:00Z,สุวรรณคูหา,140,0.0,0.0,0.0,,,True
1790305200,2026-09-25T03:00:00Z,นาวัง,65,0.0,0.0,0.0,,,True
1790305200,2026-09-25T03:00:00Z,หนองเรือ,80,0.0,0.0,0.0,,,True
1790305200,2026-09-25T03:00:00Z,โนนสัง,51,0.0,0.0,0.0,,,True
1790305200,2026-09-25T03:00:00Z,ศรีบุญเรือง,224,0.0,0.0,0.0,,,True
1790305200,2026-09-25T03:00:00Z,เมืองหนองบัวลำภู,217,0.0,0.0,0.0,,,True
1790305200,2026-09-25T03:00:00Z,นากลาง,173,0.0,0.0,0.0,,,True
1790305200,2026-09-25T03:00:00Z,ทุ่งเสลี่ยม,144,0.021,0.201,0.1875,120,105,True
1790305200,2026-09-25T03:00:00Z,ดอยหล่อ,56,0.0,0.0,0.0,,,True
1790305200,2026-09-25T03:00:00Z,เมืองตาก,486,0.0,0.0,0.0,,,True
1790305200,2026-09-25T03:00:00Z,แม่ออน,116,0.0,0.0,0.0,,,True
1790305200,2026-09-25T03:00:00Z,อุ้มผาง,1209,0.066,0.848,0.2953,30,15,True
1790305200,2026-09-25T03:00:00Z,วังเจ้า,183,0.002,0.098,0.0219,,15,True
1790305200,2026-09-25T03:00:00Z,แม่สอด,398,0.0,0.0,0.0,,,True
1790305200,2026-09-25T03:00:00Z,พบพระ,249,0.005,0.201,0.0442,,30,True
1790305200,2026-09-25T03:00:00Z,แม่ระมาด,380,0.0,0.0,0.0,,,True
1790305200,2026-09-25T03:00:00Z,ท่าสองยาง,401,0.0,0.0,0.0,,,True
1790305200,2026-09-25T03:00:00Z,บ้านตาก,255,0.0,0.0,0.0,,,True
1790305200,2026-09-25T03:00:00Z,สามเงา,698,0.0,0.0,0.0,,,True
1790305200,2026-09-25T03:00:00Z,จอมทอง,280,0.0,0.0,0.0,,,True
1790305200,2026-09-25T03:00:00Z,แก้งสนามนาง,79,0.0,0.0,0.0,,,True
1790305200,2026-09-25T03:00:00Z,สีคิ้ว,292,0.0,0.0,0.0,,,True
1790305200,2026-09-25T03:00:00Z,พระทองคำ,90,0.0,0.0,0.0,,,True
1790305200,2026-09-25T03:00:00Z,เทพารักษ์,92,0.0,0.0,0.0,,,True
1790305200,2026-09-25T03:00:00Z,สันกำแพง,65,0.0,0.0,0.0,,,True
1790305200,2026-09-25T03:00:00Z,สันป่าตอง,44,0.0,0.0,0.0,,,True
1790305200,2026-09-25T03:00:00Z,ดอยเต่า,213,0.0,0.0,0.0,,,True
1790305200,2026-09-25T03:00:00Z,อมก๋อย,704,0.0,0.0,0.0,,,True
1790305200,2026-09-25T03:00:00Z,ฮอด,378,0.0,0.0,0.0,,,True
1790305200,2026-09-25T03:00:00Z,เมืองลำพูน,117,0.0,0.0,0.0,,,True
1790305200,2026-09-25T03:00:00Z,แม่ทา,192,0.0,0.0,0.0,,,True
1790305200,2026-09-25T03:00:00Z,บ้านธิ,34,0.0,0.0,0.0,,,True
1790305200,2026-09-25T03:00:00Z,บ้านหมอ,24,0.0,0.0,0.0,,,True
1790305200,2026-09-25T03:00:00Z,เวียงหนองล่อง,14,0.0,0.0,0.0,,,True
1790305200,2026-09-25T03:00:00Z,ทุ่งหัวช้าง,113,0.0,0.0,0.0,,,True
1790305200,2026-09-25T03:00:00Z,ป่าซาง,74,0.0,0.0,0.0,,,True
1790305200,2026-09-25T03:00:00Z,บ้านโฮ่ง,124,0.0,0.0,0.0,,,True
1790305200,2026-09-25T03:00:00Z,แก่งคอย,73,0.0,0.0,0.0,,,True
1790305200,2026-09-25T03:00:00Z,ลี้,454,0.0,0.0,0.0,,,True
1790305200,2026-09-25T03:00:00Z,พระพุทธบาท,55,0.0,0.0,0.0,,,True
1790305200,2026-09-25T03:00:00Z,ดอนพุด,7,0.0,0.0,0.0,,,True
1790305200,2026-09-25T03:00:00Z,หนองโดน,31,0.0,0.0,0.0,,,True
1790305200,2026-09-25T03:00:00Z,เมืองลำปาง,300,0.0,0.0,0.0,,,True
1790305200,2026-09-25T03:00:00Z,เถิน,443,0.0,0.0,0.0,,,True
1790305200,2026-09-25T03:00:00Z,แม่พริก,167,0.0,0.0,0.0,,,True
1790305200,2026-09-25T03:00:00Z,แจ้ห่ม,274,0.0,0.0,0.0,,,True
1790305200,2026-09-25T03:00:00Z,แม่เปิน,85,0.021,0.299,0.1529,15,15,True
1790305200,2026-09-25T03:00:00Z,เสริมงาม,185,0.0,0.0,0.0,,,True
1790305200,2026-09-25T03:00:00Z,ชุมตาบง,61,0.0,0.0,0.0,,,True
1790305200,2026-09-25T03:00:00Z,งาว,344,0.0,0.0,0.0,,,True
1790305200,2026-09-25T03:00:00Z,ตากฟ้า,125,0.002,0.098,0.024,,120,True
1790305200,2026-09-25T03:00:00Z,แม่เมาะ,283,0.0,0.0,0.0,,,True
1790305200,2026-09-25T03:00:00Z,แม่วงก์,257,0.002,0.098,0.0195,,15,True
1790305200,2026-09-25T03:00:00Z,เกาะคา,128,0.0,0.0,0.0,,,True
1790305200,2026-09-25T03:00:00Z,พยุหะคีรี,169,0.0,0.0,0.0,,,True
1790305200,2026-09-25T03:00:00Z,ลาดยาว,187,0.0,0.0,0.0,,,True
1790305200,2026-09-25T03:00:00Z,สบปราบ,125,0.0,0.0,0.0,,,True
1790305200,2026-09-25T03:00:00Z,ห้างฉัตร,154,0.0,0.0,0.0,,,True
1790305200,2026-09-25T03:00:00Z,แม่ทะ,203,0.0,0.0,0.0,,,True
1790305200,2026-09-25T03:00:00Z,เมืองปาน,202,0.0,0.0,0.0,,,True
1790305200,2026-09-25T03:00:00Z,เมืองอ่างทอง,6,0.0,0.0,0.0,,,True
1790305200,2026-09-25T03:00:00Z,ไชโย,20,0.0,0.0,0.0,,,True
1790305200,2026-09-25T03:00:00Z,สามโก้,10,0.0,0.0,0.0,,,True
1790305200,2026-09-25T03:00:00Z,แสวงหา,43,0.0,0.0,0.0,,,True
1790305200,2026-09-25T03:00:00Z,วิเศษชัยชาญ,7,0.0,0.0,0.0,,,True
1790305200,2026-09-25T03:00:00Z,โพธิ์ทอง,48,0.0,0.0,0.0,,,True
1790305200,2026-09-25T03:00:00Z,เมืองลพบุรี,190,0.0,0.0,0.0,,,True
1790305200,2026-09-25T03:00:00Z,เดิมบางนางบวช,130,0.0,0.0,0.0,,,True
1790305200,2026-09-25T03:00:00Z,ด่านช้าง,309,0.0,0.0,0.0,,,True
1790305200,2026-09-25T03:00:00Z,หนองม่วง,111,0.001,0.098,0.009,,60,True
1790305200,2026-09-25T03:00:00Z,ลำสนธิ,136,0.007,0.201,0.0588,,15,True
1790305200,2026-09-25T03:00:00Z,สามชุก,77,0.0,0.0,0.0,,,True
1790305200,2026-09-25T03:00:00Z,ดอนเจดีย์,72,0.0,0.0,0.0,,,True
1790305200,2026-09-25T03:00:00Z,สระโบสถ์,83,0.002,0.098,0.0241,,45,True
1790305200,2026-09-25T03:00:00Z,ศรีประจันต์,41,0.0,0.0,0.0,,,True
1790305200,2026-09-25T03:00:00Z,โคกเจริญ,135,0.007,0.201,0.0593,,75,True
1790305200,2026-09-25T03:00:00Z,บ้านหมี่,136,0.0,0.0,0.0,,,True
1790305200,2026-09-25T03:00:00Z,ท่าหลวง,100,0.0,0.0,0.0,,,True
1790305200,2026-09-25T03:00:00Z,ชัยบาดาล,280,0.0,0.098,0.0036,,30,True
1790305200,2026-09-25T03:00:00Z,ท่าวุ้ง,64,0.0,0.0,0.0,,,True
1790305200,2026-09-25T03:00:00Z,พัฒนานิคม,217,0.0,0.0,0.0,,,True
1790305200,2026-09-25T03:00:00Z,โคกสำโรง,180,0.0,0.0,0.0,,,True
1790305200,2026-09-25T03:00:00Z,หนองหญ้าไซ,108,0.0,0.0,0.0,,,True
1790305200,2026-09-25T03:00:00Z,ท่าช้าง,11,0.0,0.0,0.0,,,True
1790305200,2026-09-25T03:00:00Z,อินทร์บุรี,66,0.0,0.0,0.0,,,True
1790305200,2026-09-25T03:00:00Z,ค่ายบางระจัน,26,0.0,0.0,0.0,,,True
1790305200,2026-09-25T03:00:00Z,พรหมบุรี,19,0.0,0.0,0.0,,,True
1790305200,2026-09-25T03:00:00Z,เนินสง่า,65,0.0,0.0,0.0,,,True
1790305200,2026-09-25T03:00:00Z,เมืองสิงห์บุรี,31,0.0,0.0,0.0,,,True
1790305200,2026-09-25T03:00:00Z,ซับใหญ่,72,0.0,0.0,0.0,,,True
1790305200,2026-09-25T03:00:00Z,บางระจัน,46,0.0,0.0,0.0,,,True
1790305200,2026-09-25T03:00:00Z,ภูกระดึง,190,0.0,0.0,0.0,,,True
1790305200,2026-09-25T03:00:00Z,ภูหลวง,145,0.0,0.0,0.0,,,True
1790305200,2026-09-25T03:00:00Z,หนองหิน,78,0.0,0.0,0.0,,,True
1790305200,2026-09-25T03:00:00Z,ผาขาว,100,0.0,0.0,0.0,,,True
1790305200,2026-09-25T03:00:00Z,เอราวัณ,87,0.0,0.0,0.0,,,True
1790305200,2026-09-25T03:00:00Z,วังสะพุง,281,0.0,0.0,0.0,,,True
1790305200,2026-09-25T03:00:00Z,วังม่วง,70,0.0,0.0,0.0,,,True
1790305200,2026-09-25T03:00:00Z,เฉลิมพระเกียรติ,35,0.0,0.0,0.0,,,True
1790305200,2026-09-25T03:00:00Z,มวกเหล็ก,175,0.0,0.0,0.0,,,True
1790305200,2026-09-25T03:00:00Z,บ้านเขว้า,124,0.0,0.0,0.0,,,True
1790305200,2026-09-25T03:00:00Z,คอนสวรรค์,113,0.0,0.0,0.0,,,True
1790305200,2026-09-25T03:00:00Z,เมืองชัยภูมิ,358,0.0,0.0,0.0,,,True
1790305200,2026-09-25T03:00:00Z,วังทอง,425,0.0,0.0,0.0,,,True
1790305200,2026-09-25T03:00:00Z,เนินมะปราง,276,0.005,0.201,0.0435,,15,True
1790305200,2026-09-25T03:00:00Z,สวรรคโลก,156,0.081,0.299,0.6538,75,75,True
1790305200,2026-09-25T03:00:00Z,ศรีนคร,46,0.079,0.201,0.6522,60,60,True
1790305200,2026-09-25T03:00:00Z,หันคา,139,0.0,0.0,0.0,,,True
1790305200,2026-09-25T03:00:00Z,ศรีสัชนาลัย,534,0.001,0.196,0.0056,,90,True
1790305200,2026-09-25T03:00:00Z,หนองมะโมง,76,0.0,0.0,0.0,,,True
1790305200,2026-09-25T03:00:00Z,ศรีสำโรง,142,0.005,0.098,0.0493,,105,True
1790305200,2026-09-25T03:00:00Z,สรรพยา,55,0.0,0.0,0.0,,,True
1790305200,2026-09-25T03:00:00Z,คีรีมาศ,171,0.005,0.201,0.0351,,60,True
1790305200,2026-09-25T03:00:00Z,สรรคบุรี,89,0.0,0.0,0.0,,,True
1790305200,2026-09-25T03:00:00Z,กงไกรลาศ,108,0.01,0.201,0.0926,,15,True
1790305200,2026-09-25T03:00:00Z,มโนรมย์,66,0.0,0.0,0.0,,,True
1790305200,2026-09-25T03:00:00Z,เมืองสุโขทัย,136,0.0,0.0,0.0,,,True
1790305200,2026-09-25T03:00:00Z,วัดสิงห์,67,0.0,0.0,0.0,,,True
1790305200,2026-09-25T03:00:00Z,บ้านด่านลานหอย,231,0.0,0.0,0.0,,,True
1790305200,2026-09-25T03:00:00Z,เมืองชัยนาท,70,0.0,0.0,0.0,,,True
1790305200,2026-09-25T03:00:00Z,เนินขาม,65,0.0,0.0,0.0,,,True
1790305200,2026-09-25T03:00:00Z,คอนสาร,334,0.0,0.0,0.0,,,True
1790305200,2026-09-25T03:00:00Z,ภักดีชุมพล,154,0.001,0.098,0.013,,15,True
1790305200,2026-09-25T03:00:00Z,บ้านแท่น,76,0.0,0.0,0.0,,,True
1790305200,2026-09-25T03:00:00Z,แก้งคร้อ,168,0.0,0.0,0.0,,,True
1790305200,2026-09-25T03:00:00Z,ภูเขียว,201,0.0,0.0,0.0,,,True
1790305200,2026-09-25T03:00:00Z,หนองบัวระเหว,179,0.0,0.0,0.0,,,True
1790305200,2026-09-25T03:00:00Z,เทพสถิต,239,0.001,0.098,0.0126,,15,True
1790305200,2026-09-25T03:00:00Z,จัตุรัส,172,0.0,0.0,0.0,,,True
1790305200,2026-09-25T03:00:00Z,บำเหน็จณรงค์,120,0.0,0.0,0.0,,,True
1790305200,2026-09-25T03:00:00Z,เกษตรสมบูรณ์,268,0.0,0.0,0.0,,,True
1790305200,2026-09-25T03:00:00Z,หนองบัวแดง,537,0.0,0.0,0.0,,,True
1790305200,2026-09-25T03:00:00Z,ภูเรือ,168,0.0,0.0,0.0,,,True
1790305200,2026-09-25T03:00:00Z,ท่าลี่,171,0.0,0.0,0.0,,,True
1790305200,2026-09-25T03:00:00Z,วชิรบารมี,68,0.0,0.0,0.0,,,True
1790305200,2026-09-25T03:00:00Z,ด่านซ้าย,341,0.0,0.0,0.0,,,True
1790305200,2026-09-25T03:00:00Z,นาแห้ว,153,0.0,0.0,0.0,,,True
1790305200,2026-09-25T03:00:00Z,บึงนาราง,74,0.046,0.196,0.4054,45,30,True
1790305200,2026-09-25T03:00:00Z,เชียงคาน,213,0.0,0.0,0.0,,,True
1790305200,2026-09-25T03:00:00Z,ดงเจริญ,56,0.0,0.0,0.0,,,True
1790305200,2026-09-25T03:00:00Z,ปากชม,240,0.0,0.0,0.0,,,True
1790305200,2026-09-25T03:00:00Z,เมืองเลย,314,0.0,0.0,0.0,,,True
1790305200,2026-09-25T03:00:00Z,นาด้วง,143,0.0,0.0,0.0,,,True
1790305200,2026-09-25T03:00:00Z,สากเหล็ก,45,0.0,0.0,0.0,,,True
1790305200,2026-09-25T03:00:00Z,สามง่าม,89,0.0,0.0,0.0,,,True
1790305200,2026-09-25T03:00:00Z,ทับคล้อ,104,0.0,0.0,0.0,,,True
1790305200,2026-09-25T03:00:00Z,พรหมพิราม,206,0.0,0.0,0.0,,,True
1790305200,2026-09-25T03:00:00Z,ด่านขุนทด,344,0.0,0.0,0.0,,,True
1790305200,2026-09-25T03:00:00Z,วัดโบสถ์,226,0.0,0.0,0.0,,,True
1790305200,2026-09-25T03:00:00Z,บางระกำ,246,0.037,0.413,0.1829,30,15,True
1790305200,2026-09-25T03:00:00Z,บางกระทุ่ม,91,0.0,0.0,0.0,,,True
1790305200,2026-09-25T03:00:00Z,นครไทย,597,0.0,0.0,0.0,,,True
1790305200,2026-09-25T03:00:00Z,ชาติตระการ,415,0.0,0.0,0.0,,,True
1790305200,2026-09-25T03:00:00Z,บ้านเหลื่อม,55,0.0,0.0,0.0,,,True
1790305200,2026-09-25T03:00:00Z,เมืองพิษณุโลก,178,0.0,0.0,0.0,,,True
1790305200,2026-09-25T03:00:00Z,ชุมแสง,145,0.0,0.0,0.0,,,True
1790305200,2026-09-25T03:00:00Z,หนองบัว,208,0.0,0.0,0.0,,,True
1790305200,2026-09-25T03:00:00Z,เมืองนครสวรรค์,183,0.0,0.0,0.0,,,True
1790305200,2026-09-25T03:00:00Z,โกรกพระ,71,0.0,0.0,0.0,,,True
1790305200,2026-09-25T03:00:00Z,ไพศาลี,244,0.031,0.201,0.2664,105,75,True
1790305200,2026-09-25T03:00:00Z,ตาคลี,206,0.001,0.098,0.0097,,90,True
1790305200,2026-09-25T03:00:00Z,ท่าตะโก,211,0.003,0.098,0.0284,,120,True
1790305200,2026-09-25T03:00:00Z,เขาค้อ,207,0.0,0.0,0.0,,,True
1790305200,2026-09-25T03:00:00Z,บรรพตพิสัย,181,0.014,0.098,0.1381,75,15,True
1790305200,2026-09-25T03:00:00Z,เก้าเลี้ยว,57,0.0,0.0,0.0,,,True
1790305200,2026-09-25T03:00:00Z,วังโป่ง,123,0.0,0.0,0.0,,,True
1790305200,2026-09-25T03:00:00Z,บึงสามพัน,194,0.0,0.0,0.0,,,True
1790305200,2026-09-25T03:00:00Z,น้ำหนาว,231,0.0,0.0,0.0,,,True
1790305200,2026-09-25T03:00:00Z,ศรีเทพ,204,0.0,0.0,0.0,,,True
1790305200,2026-09-25T03:00:00Z,หนองไผ่,315,0.0,0.0,0.0,,,True
1790305200,2026-09-25T03:00:00Z,มหาราช,4,0.0,0.0,0.0,,,False
1790305200,2026-09-25T03:00:00Z,บ้านแพรก,10,0.0,0.0,0.0,,,True
1790305200,2026-09-25T03:00:00Z,บางมูลนาก,99,0.0,0.0,0.0,,,True
1790305200,2026-09-25T03:00:00Z,โพทะเล,131,0.007,0.098,0.0763,,15,True
1790305200,2026-09-25T03:00:00Z,โพธิ์ประทับช้าง,102,0.071,0.299,0.5196,30,15,True
1790305200,2026-09-25T03:00:00Z,ตะพานหิน,109,0.017,0.196,0.156,15,15,True
1790305200,2026-09-25T03:00:00Z,เมืองพิจิตร,138,0.036,0.201,0.3043,30,15,True
1790305200,2026-09-25T03:00:00Z,วังทรายพูน,66,0.027,0.201,0.2273,15,15,True
1790306100,2026-09-25T03:15:00Z,พิชัย,176,0.046,0.201,0.4148,30,15,True
1790306100,2026-09-25T03:15:00Z,ลับแล,116,0.008,0.201,0.0603,,45,True
1790306100,2026-09-25T03:15:00Z,ฟากท่า,163,0.0,0.0,0.0,,,True
1790306100,2026-09-25T03:15:00Z,บ้านโคก,247,0.0,0.0,0.0,,,True
1790306100,2026-09-25T03:15:00Z,ท่าปลา,442,0.0,0.0,0.0,,,True
1790306100,2026-09-25T03:15:00Z,น้ำปาด,363,0.0,0.0,0.0,,,True
1790306100,2026-09-25T03:15:00Z,เมืองอุตรดิตถ์,202,0.004,0.201,0.0347,,30,True
1790306100,2026-09-25T03:15:00Z,ตรอน,80,0.132,0.299,0.975,15,15,True
1790306100,2026-09-25T03:15:00Z,หล่มเก่า,246,0.0,0.0,0.0,,,True
1790306100,2026-09-25T03:15:00Z,วิเชียรบุรี,377,0.041,0.511,0.2706,30,15,True
1790306100,2026-09-25T03:15:00Z,ชนแดน,279,0.0,0.0,0.0,,,True
1790306100,2026-09-25T03:15:00Z,หล่มสัก,350,0.0,0.0,0.0,,,True
1790306100,2026-09-25T03:15:00Z,เมืองเพชรบูรณ์,571,0.0,0.0,0.0,,,True
1790306100,2026-09-25T03:15:00Z,ทองแสนขัน,185,0.033,0.201,0.2486,15,15,True
1790306100,2026-09-25T03:15:00Z,บึงสามัคคี,71,0.076,0.299,0.6056,75,60,True
1790306100,2026-09-25T03:15:00Z,โกสัมพีนคร,137,0.017,0.201,0.1387,120,105,True
1790306100,2026-09-25T03:15:00Z,สอง,380,0.0,0.0,0.0,,,True
1790306100,2026-09-25T03:15:00Z,วังชิ้น,255,0.0,0.0,0.0,,,True
1790306100,2026-09-25T03:15:00Z,สูงเม่น,88,0.0,0.0,0.0,,,True
1790306100,2026-09-25T03:15:00Z,เด่นชัย,135,0.0,0.0,0.0,,,True
1790306100,2026-09-25T03:15:00Z,ร้องกวาง,221,0.0,0.0,0.0,,,True
1790306100,2026-09-25T03:15:00Z,ลอง,317,0.0,0.0,0.0,,,True
1790306100,2026-09-25T03:15:00Z,เมืองแพร่,205,0.0,0.0,0.0,,,True
1790306100,2026-09-25T03:15:00Z,ทัพทัน,94,0.0,0.0,0.0,,,True
1790306100,2026-09-25T03:15:00Z,สว่างอารมณ์,110,0.0,0.0,0.0,,,True
1790306100,2026-09-25T03:15:00Z,เมืองอุทัยธานี,59,0.0,0.0,0.0,,,True
1790306100,2026-09-25T03:15:00Z,ห้วยคต,94,0.0,0.0,0.0,,,True
1790306100,2026-09-25T03:15:00Z,ศรีสวัสดิ์,440,0.0,0.0,0.0,,,True
1790306100,2026-09-25T03:15:00Z,บ้านไร่,821,0.005,0.299,0.0365,,15,True
1790306100,2026-09-25T03:15:00Z,ลานสัก,360,0.005,0.201,0.0472,,15,True
1790306100,2026-09-25T03:15:00Z,หนองฉาง,89,0.0,0.0,0.0,,,True
1790306100,2026-09-25T03:15:00Z,หนองขาหย่าง,43,0.0,0.0,0.0,,,True
1790306100,2026-09-25T03:15:00Z,เชียงม่วน,82,0.0,0.0,0.0,,,True
1790306100,2026-09-25T03:15:00Z,ดอกคำใต้,37,0.0,0.0,0.0,,,True
1790306100,2026-09-25T03:15:00Z,เมืองพะเยา,6,0.0,0.0,0.0,,,True
1790306100,2026-09-25T03:15:00Z,ทองผาภูมิ,851,0.0,0.0,0.0,,,True
1790306100,2026-09-25T03:15:00Z,สังขละบุรี,793,0.022,0.402,0.1236,105,45,True
1790306100,2026-09-25T03:15:00Z,หนองม่วงไข่,35,0.0,0.0,0.0,,,True
1790306100,2026-09-25T03:15:00Z,ภูเวียง,81,0.0,0.0,0.0,,,True
1790306100,2026-09-25T03:15:00Z,มัญจาคีรี,50,0.0,0.0,0.0,,,True
1790306100,2026-09-25T03:15:00Z,หนองปรือ,104,0.0,0.0,0.0,,,True
1790306100,2026-09-25T03:15:00Z,เลาขวัญ,123,0.0,0.0,0.0,,,True
1790306100,2026-09-25T03:15:00Z,หนองนาคำ,43,0.0,0.0,0.0,,,True
1790306100,2026-09-25T03:15:00Z,โคกโพธิ์ไชย,65,0.0,0.0,0.0,,,True
1790306100,2026-09-25T03:15:00Z,บ้านหลวง,91,0.0,0.0,0.0,,,True
1790306100,2026-09-25T03:15:00Z,นาน้อย,266,0.0,0.0,0.0,,,True
1790306100,2026-09-25T03:15:00Z,ภูผาม่าน,74,0.0,0.0,0.0,,,True
1790306100,2026-09-25T03:15:00Z,เมืองน่าน,161,0.0,0.0,0.0,,,True
1790306100,2026-09-25T03:15:00Z,แม่จริม,262,0.0,0.0,0.0,,,True
1790306100,2026-09-25T03:15:00Z,เวียงเก่า,78,0.0,0.0,0.0,,,True
1790306100,2026-09-25T03:15:00Z,เมืองกำแพงเพชร,368,0.049,0.848,0.2364,90,60,True
1790306100,2026-09-25T03:15:00Z,ไทรงาม,133,0.0,0.0,0.0,,,True
1790306100,2026-09-25T03:15:00Z,ปางศิลาทอง,186,0.013,0.592,0.043,,15,True
1790306100,2026-09-25T03:15:00Z,ลานกระบือ,103,0.083,0.592,0.3786,30,30,True
1790306100,2026-09-25T03:15:00Z,ทรายทองวัฒนา,53,0.028,0.201,0.2264,105,105,True
1790306100,2026-09-25T03:15:00Z,คลองขลุง,179,0.021,0.299,0.1564,120,90,True
1790306100,2026-09-25T03:15:00Z,พรานกระต่าย,252,0.058,0.592,0.3968,60,45,True
1790306100,2026-09-25T03:15:00Z,คลองลาน,363,0.002,0.201,0.0193,,120,True
1790306100,2026-09-25T03:15:00Z,ขาณุวรลักษบุรี,296,0.013,0.201,0.1216,120,90,True
1790306100,2026-09-25T03:15:00Z,ภูเพียง,113,0.0,0.0,0.0,,,True
1790306100,2026-09-25T03:15:00Z,นาหมื่น,245,0.0,0.0,0.0,,,True
1790306100,2026-09-25T03:15:00Z,เวียงสา,543,0.0,0.0,0.0,,,True
1790306100,2026-09-25T03:15:00Z,น้ำโสม,153,0.0,0.0,0.0,,,True
1790306100,2026-09-25T03:15:00Z,นายูง,126,0.0,0.0,0.0,,,True
1790306100,2026-09-25T03:15:00Z,ชุมแพ,173,0.0,0.0,0.0,,,True
1790306100,2026-09-25T03:15:00Z,สีชมพู,132,0.0,0.0,0.0,,,True
1790306100,2026-09-25T03:15:00Z,สุวรรณคูหา,140,0.0,0.0,0.0,,,True
1790306100,2026-09-25T03:15:00Z,นาวัง,65,0.0,0.0,0.0,,,True
1790306100,2026-09-25T03:15:00Z,หนองเรือ,80,0.0,0.0,0.0,,,True
1790306100,2026-09-25T03:15:00Z,โนนสัง,51,0.0,0.0,0.0,,,True
1790306100,2026-09-25T03:15:00Z,ศรีบุญเรือง,224,0.0,0.0,0.0,,,True
1790306100,2026-09-25T03:15:00Z,เมืองหนองบัวลำภู,217,0.0,0.0,0.0,,,True
1790306100,2026-09-25T03:15:00Z,นากลาง,173,0.0,0.0,0.0,,,True
1790306100,2026-09-25T03:15:00Z,ทุ่งเสลี่ยม,144,0.066,0.201,0.5069,105,90,True
1790306100,2026-09-25T03:15:00Z,ดอยหล่อ,56,0.0,0.0,0.0,,,True
1790306100,2026-09-25T03:15:00Z,เมืองตาก,486,0.001,0.098,0.0123,,120,True
1790306100,2026-09-25T03:15:00Z,แม่ออน,116,0.0,0.0,0.0,,,True
1790306100,2026-09-25T03:15:00Z,อุ้มผาง,1209,0.076,0.793,0.3648,30,15,True
1790306100,2026-09-25T03:15:00Z,วังเจ้า,183,0.0,0.0,0.0,,,True
1790306100,2026-09-25T03:15:00Z,แม่สอด,398,0.0,0.0,0.0,,,True
1790306100,2026-09-25T03:15:00Z,พบพระ,249,0.008,0.098,0.0803,,15,True
1790306100,2026-09-25T03:15:00Z,แม่ระมาด,380,0.0,0.0,0.0,,,True
1790306100,2026-09-25T03:15:00Z,ท่าสองยาง,401,0.0,0.0,0.0,,,True
1790306100,2026-09-25T03:15:00Z,บ้านตาก,255,0.0,0.0,0.0,,,True
1790306100,2026-09-25T03:15:00Z,สามเงา,698,0.0,0.0,0.0,,,True
1790306100,2026-09-25T03:15:00Z,จอมทอง,280,0.0,0.0,0.0,,,True
1790306100,2026-09-25T03:15:00Z,แก้งสนามนาง,79,0.0,0.0,0.0,,,True
1790306100,2026-09-25T03:15:00Z,สีคิ้ว,292,0.0,0.0,0.0,,,True
1790306100,2026-09-25T03:15:00Z,พระทองคำ,90,0.0,0.0,0.0,,,True
1790306100,2026-09-25T03:15:00Z,เทพารักษ์,92,0.037,0.201,0.2717,45,30,True
1790306100,2026-09-25T03:15:00Z,สันกำแพง,65,0.0,0.0,0.0,,,True
1790306100,2026-09-25T03:15:00Z,สันป่าตอง,44,0.0,0.0,0.0,,,True
1790306100,2026-09-25T03:15:00Z,ดอยเต่า,213,0.0,0.0,0.0,,,True
1790306100,2026-09-25T03:15:00Z,อมก๋อย,704,0.0,0.0,0.0,,,True
1790306100,2026-09-25T03:15:00Z,ฮอด,378,0.0,0.0,0.0,,,True
1790306100,2026-09-25T03:15:00Z,เมืองลำพูน,117,0.0,0.0,0.0,,,True
1790306100,2026-09-25T03:15:00Z,แม่ทา,192,0.0,0.0,0.0,,,True
1790306100,2026-09-25T03:15:00Z,บ้านธิ,34,0.0,0.0,0.0,,,True
1790306100,2026-09-25T03:15:00Z,บ้านหมอ,24,0.0,0.0,0.0,,,True
1790306100,2026-09-25T03:15:00Z,เวียงหนองล่อง,14,0.0,0.0,0.0,,,True
1790306100,2026-09-25T03:15:00Z,ทุ่งหัวช้าง,113,0.0,0.0,0.0,,,True
1790306100,2026-09-25T03:15:00Z,ป่าซาง,74,0.0,0.0,0.0,,,True
1790306100,2026-09-25T03:15:00Z,บ้านโฮ่ง,124,0.0,0.0,0.0,,,True
1790306100,2026-09-25T03:15:00Z,แก่งคอย,73,0.0,0.0,0.0,,,True
1790306100,2026-09-25T03:15:00Z,ลี้,454,0.0,0.0,0.0,,,True
1790306100,2026-09-25T03:15:00Z,พระพุทธบาท,55,0.0,0.0,0.0,,,True
1790306100,2026-09-25T03:15:00Z,ดอนพุด,7,0.0,0.0,0.0,,,True
1790306100,2026-09-25T03:15:00Z,หนองโดน,31,0.0,0.0,0.0,,,True
1790306100,2026-09-25T03:15:00Z,เมืองลำปาง,300,0.0,0.0,0.0,,,True
1790306100,2026-09-25T03:15:00Z,เถิน,443,0.0,0.0,0.0,,,True
1790306100,2026-09-25T03:15:00Z,แม่พริก,167,0.0,0.0,0.0,,,True
1790306100,2026-09-25T03:15:00Z,แจ้ห่ม,274,0.0,0.0,0.0,,,True
1790306100,2026-09-25T03:15:00Z,แม่เปิน,85,0.001,0.098,0.0118,,15,True
1790306100,2026-09-25T03:15:00Z,เสริมงาม,185,0.0,0.0,0.0,,,True
1790306100,2026-09-25T03:15:00Z,ชุมตาบง,61,0.0,0.0,0.0,,,True
1790306100,2026-09-25T03:15:00Z,งาว,344,0.0,0.0,0.0,,,True
1790306100,2026-09-25T03:15:00Z,ตากฟ้า,125,0.041,0.413,0.264,120,105,True
1790306100,2026-09-25T03:15:00Z,แม่เมาะ,283,0.0,0.0,0.0,,,True
1790306100,2026-09-25T03:15:00Z,แม่วงก์,257,0.0,0.098,0.0039,,15,True
1790306100,2026-09-25T03:15:00Z,เกาะคา,128,0.0,0.0,0.0,,,True
1790306100,2026-09-25T03:15:00Z,พยุหะคีรี,169,0.0,0.0,0.0,,,True
1790306100,2026-09-25T03:15:00Z,ลาดยาว,187,0.0,0.0,0.0,,,True
1790306100,2026-09-25T03:15:00Z,สบปราบ,125,0.0,0.0,0.0,,,True
1790306100,2026-09-25T03:15:00Z,ห้างฉัตร,154,0.0,0.0,0.0,,,True
1790306100,2026-09-25T03:15:00Z,แม่ทะ,203,0.0,0.0,0.0,,,True
1790306100,2026-09-25T03:15:00Z,เมืองปาน,202,0.0,0.0,0.0,,,True
1790306100,2026-09-25T03:15:00Z,เมืองอ่างทอง,6,0.0,0.0,0.0,,,True
1790306100,2026-09-25T03:15:00Z,ไชโย,20,0.0,0.0,0.0,,,True
1790306100,2026-09-25T03:15:00Z,สามโก้,10,0.0,0.0,0.0,,,True
1790306100,2026-09-25T03:15:00Z,แสวงหา,43,0.0,0.0,0.0,,,True
1790306100,2026-09-25T03:15:00Z,วิเศษชัยชาญ,7,0.0,0.0,0.0,,,True
1790306100,2026-09-25T03:15:00Z,โพธิ์ทอง,48,0.0,0.0,0.0,,,True
1790306100,2026-09-25T03:15:00Z,เมืองลพบุรี,190,0.0,0.0,0.0,,,True
1790306100,2026-09-25T03:15:00Z,เดิมบางนางบวช,130,0.0,0.0,0.0,,,True
1790306100,2026-09-25T03:15:00Z,ด่านช้าง,309,0.0,0.0,0.0,,,True
1790306100,2026-09-25T03:15:00Z,หนองม่วง,111,0.005,0.201,0.036,,60,True
1790306100,2026-09-25T03:15:00Z,ลำสนธิ,136,0.008,0.201,0.0588,,60,True
1790306100,2026-09-25T03:15:00Z,สามชุก,77,0.0,0.0,0.0,,,True
1790306100,2026-09-25T03:15:00Z,ดอนเจดีย์,72,0.0,0.0,0.0,,,True
1790306100,2026-09-25T03:15:00Z,สระโบสถ์,83,0.016,0.201,0.1205,45,30,True
1790306100,2026-09-25T03:15:00Z,ศรีประจันต์,41,0.0,0.0,0.0,,,True
1790306100,2026-09-25T03:15:00Z,โคกเจริญ,135,0.006,0.201,0.037,,60,True
1790306100,2026-09-25T03:15:00Z,บ้านหมี่,136,0.008,0.201,0.0662,,75,True
1790306100,2026-09-25T03:15:00Z,ท่าหลวง,100,0.0,0.0,0.0,,,True
1790306100,2026-09-25T03:15:00Z,ชัยบาดาล,280,0.021,0.201,0.1607,105,15,True
1790306100,2026-09-25T03:15:00Z,ท่าวุ้ง,64,0.0,0.0,0.0,,,True
1790306100,2026-09-25T03:15:00Z,พัฒนานิคม,217,0.0,0.0,0.0,,,True
1790306100,2026-09-25T03:15:00Z,โคกสำโรง,180,0.0,0.0,0.0,,,True
1790306100,2026-09-25T03:15:00Z,หนองหญ้าไซ,108,0.0,0.0,0.0,,,True
1790306100,2026-09-25T03:15:00Z,ท่าช้าง,11,0.0,0.0,0.0,,,True
1790306100,2026-09-25T03:15:00Z,อินทร์บุรี,66,0.006,0.201,0.0303,,120,True
1790306100,2026-09-25T03:15:00Z,ค่ายบางระจัน,26,0.0,0.0,0.0,,,True
1790306100,2026-09-25T03:15:00Z,พรหมบุรี,19,0.0,0.0,0.0,,,True
1790306100,2026-09-25T03:15:00Z,เนินสง่า,65,0.0,0.0,0.0,,,True
1790306100,2026-09-25T03:15:00Z,เมืองสิงห์บุรี,31,0.0,0.0,0.0,,,True
1790306100,2026-09-25T03:15:00Z,ซับใหญ่,72,0.0,0.0,0.0,,,True
1790306100,2026-09-25T03:15:00Z,บางระจัน,46,0.0,0.0,0.0,,,True
1790306100,2026-09-25T03:15:00Z,ภูกระดึง,190,0.0,0.0,0.0,,,True
1790306100,2026-09-25T03:15:00Z,ภูหลวง,145,0.0,0.0,0.0,,,True
1790306100,2026-09-25T03:15:00Z,หนองหิน,78,0.0,0.0,0.0,,,True
1790306100,2026-09-25T03:15:00Z,ผาขาว,100,0.0,0.0,0.0,,,True
1790306100,2026-09-25T03:15:00Z,เอราวัณ,87,0.0,0.0,0.0,,,True
1790306100,2026-09-25T03:15:00Z,วังสะพุง,281,0.0,0.0,0.0,,,True
1790306100,2026-09-25T03:15:00Z,วังม่วง,70,0.0,0.0,0.0,,,True
1790306100,2026-09-25T03:15:00Z,เฉลิมพระเกียรติ,35,0.0,0.0,0.0,,,True
1790306100,2026-09-25T03:15:00Z,มวกเหล็ก,175,0.0,0.0,0.0,,,True
1790306100,2026-09-25T03:15:00Z,บ้านเขว้า,124,0.0,0.0,0.0,,,True
1790306100,2026-09-25T03:15:00Z,คอนสวรรค์,113,0.0,0.0,0.0,,,True
1790306100,2026-09-25T03:15:00Z,เมืองชัยภูมิ,358,0.0,0.0,0.0,,,True
1790306100,2026-09-25T03:15:00Z,วังทอง,425,0.0,0.0,0.0,,,True
1790306100,2026-09-25T03:15:00Z,เนินมะปราง,276,0.0,0.0,0.0,,,True
1790306100,2026-09-25T03:15:00Z,สวรรคโลก,156,0.09,0.299,0.7244,60,60,True
1790306100,2026-09-25T03:15:00Z,ศรีนคร,46,0.107,0.201,0.8696,60,45,True
1790306100,2026-09-25T03:15:00Z,หันคา,139,0.0,0.0,0.0,,,True
1790306100,2026-09-25T03:15:00Z,ศรีสัชนาลัย,534,0.016,0.201,0.1217,105,60,True
1790306100,2026-09-25T03:15:00Z,หนองมะโมง,76,0.0,0.0,0.0,,,True
1790306100,2026-09-25T03:15:00Z,ศรีสำโรง,142,0.026,0.201,0.2465,120,30,True
1790306100,2026-09-25T03:15:00Z,สรรพยา,55,0.0,0.0,0.0,,,True
1790306100,2026-09-25T03:15:00Z,คีรีมาศ,171,0.042,0.299,0.345,45,30,True
1790306100,2026-09-25T03:15:00Z,สรรคบุรี,89,0.0,0.0,0.0,,,True
1790306100,2026-09-25T03:15:00Z,กงไกรลาศ,108,0.022,0.201,0.1759,30,15,True
1790306100,2026-09-25T03:15:00Z,มโนรมย์,66,0.0,0.0,0.0,,,True
1790306100,2026-09-25T03:15:00Z,เมืองสุโขทัย,136,0.01,0.201,0.0956,,30,True
1790306100,2026-09-25T03:15:00Z,วัดสิงห์,67,0.0,0.0,0.0,,,True
1790306100,2026-09-25T03:15:00Z,บ้านด่านลานหอย,231,0.009,0.201,0.0736,,75,True
1790306100,2026-09-25T03:15:00Z,เมืองชัยนาท,70,0.0,0.0,0.0,,,True
1790306100,2026-09-25T03:15:00Z,เนินขาม,65,0.0,0.0,0.0,,,True
1790306100,2026-09-25T03:15:00Z,คอนสาร,334,0.0,0.0,0.0,,,True
1790306100,2026-09-25T03:15:00Z,ภักดีชุมพล,154,0.0,0.0,0.0,,,True
1790306100,2026-09-25T03:15:00Z,บ้านแท่น,76,0.0,0.0,0.0,,,True
1790306100,2026-09-25T03:15:00Z,แก้งคร้อ,168,0.0,0.0,0.0,,,True
1790306100,2026-09-25T03:15:00Z,ภูเขียว,201,0.0,0.0,0.0,,,True
1790306100,2026-09-25T03:15:00Z,หนองบัวระเหว,179,0.0,0.0,0.0,,,True
1790306100,2026-09-25T03:15:00Z,เทพสถิต,239,0.0,0.0,0.0,,,True
1790306100,2026-09-25T03:15:00Z,จัตุรัส,172,0.0,0.0,0.0,,,True
1790306100,2026-09-25T03:15:00Z,บำเหน็จณรงค์,120,0.0,0.0,0.0,,,True
1790306100,2026-09-25T03:15:00Z,เกษตรสมบูรณ์,268,0.0,0.0,0.0,,,True
1790306100,2026-09-25T03:15:00Z,หนองบัวแดง,537,0.0,0.0,0.0,,,True
1790306100,2026-09-25T03:15:00Z,ภูเรือ,168,0.0,0.0,0.0,,,True
1790306100,2026-09-25T03:15:00Z,ท่าลี่,171,0.0,0.0,0.0,,,True
1790306100,2026-09-25T03:15:00Z,วชิรบารมี,68,0.0,0.0,0.0,,,True
1790306100,2026-09-25T03:15:00Z,ด่านซ้าย,341,0.0,0.0,0.0,,,True
1790306100,2026-09-25T03:15:00Z,นาแห้ว,153,0.0,0.0,0.0,,,True
1790306100,2026-09-25T03:15:00Z,บึงนาราง,74,0.025,0.098,0.2568,45,30,True
1790306100,2026-09-25T03:15:00Z,เชียงคาน,213,0.0,0.0,0.0,,,True
1790306100,2026-09-25T03:15:00Z,ดงเจริญ,56,0.0,0.0,0.0,,,True
1790306100,2026-09-25T03:15:00Z,ปากชม,240,0.0,0.0,0.0,,,True
1790306100,2026-09-25T03:15:00Z,เมืองเลย,314,0.0,0.0,0.0,,,True
1790306100,2026-09-25T03:15:00Z,นาด้วง,143,0.0,0.0,0.0,,,True
1790306100,2026-09-25T03:15:00Z,สากเหล็ก,45,0.018,0.201,0.1556,15,15,True
1790306100,2026-09-25T03:15:00Z,สามง่าม,89,0.01,0.201,0.0899,,60,True
1790306100,2026-09-25T03:15:00Z,ทับคล้อ,104,0.0,0.0,0.0,,,True
1790306100,2026-09-25T03:15:00Z,พรหมพิราม,206,0.001,0.098,0.0146,,15,True
1790306100,2026-09-25T03:15:00Z,ด่านขุนทด,344,0.008,0.201,0.061,,15,True
1790306100,2026-09-25T03:15:00Z,วัดโบสถ์,226,0.004,0.098,0.0398,,15,True
1790306100,2026-09-25T03:15:00Z,บางระกำ,246,0.025,0.592,0.1585,15,15,True
1790306100,2026-09-25T03:15:00Z,บางกระทุ่ม,91,0.0,0.0,0.0,,,True
1790306100,2026-09-25T03:15:00Z,นครไทย,597,0.0,0.0,0.0,,,True
1790306100,2026-09-25T03:15:00Z,ชาติตระการ,415,0.0,0.0,0.0,,,True
1790306100,2026-09-25T03:15:00Z,บ้านเหลื่อม,55,0.0,0.0,0.0,,,True
1790306100,2026-09-25T03:15:00Z,เมืองพิษณุโลก,178,0.0,0.0,0.0,,,True
1790306100,2026-09-25T03:15:00Z,ชุมแสง,145,0.0,0.0,0.0,,,True
1790306100,2026-09-25T03:15:00Z,หนองบัว,208,0.0,0.0,0.0,,,True
1790306100,2026-09-25T03:15:00Z,เมืองนครสวรรค์,183,0.0,0.0,0.0,,,True
1790306100,2026-09-25T03:15:00Z,โกรกพระ,71,0.0,0.0,0.0,,,True
1790306100,2026-09-25T03:15:00Z,ไพศาลี,244,0.049,0.511,0.2951,75,60,True
1790306100,2026-09-25T03:15:00Z,ตาคลี,206,0.005,0.201,0.0437,,90,True
1790306100,2026-09-25T03:15:00Z,ท่าตะโก,211,0.015,0.413,0.0853,,90,True
1790306100,2026-09-25T03:15:00Z,เขาค้อ,207,0.0,0.0,0.0,,,True
1790306100,2026-09-25T03:15:00Z,บรรพตพิสัย,181,0.001,0.098,0.0055,,60,True
1790306100,2026-09-25T03:15:00Z,เก้าเลี้ยว,57,0.0,0.0,0.0,,,True
1790306100,2026-09-25T03:15:00Z,วังโป่ง,123,0.0,0.0,0.0,,,True
1790306100,2026-09-25T03:15:00Z,บึงสามพัน,194,0.0,0.0,0.0,,,True
1790306100,2026-09-25T03:15:00Z,น้ำหนาว,231,0.0,0.0,0.0,,,True
1790306100,2026-09-25T03:15:00Z,ศรีเทพ,204,0.0,0.0,0.0,,,True
1790306100,2026-09-25T03:15:00Z,หนองไผ่,315,0.0,0.0,0.0,,,True
1790306100,2026-09-25T03:15:00Z,มหาราช,4,0.0,0.0,0.0,,,False
1790306100,2026-09-25T03:15:00Z,บ้านแพรก,10,0.0,0.0,0.0,,,True
1790306100,2026-09-25T03:15:00Z,บางมูลนาก,99,0.0,0.0,0.0,,,True
1790306100,2026-09-25T03:15:00Z,โพทะเล,131,0.0,0.0,0.0,,,True
1790306100,2026-09-25T03:15:00Z,โพธิ์ประทับช้าง,102,0.092,0.299,0.6667,30,15,True
1790306100,2026-09-25T03:15:00Z,ตะพานหิน,109,0.005,0.201,0.0459,,15,True
1790306100,2026-09-25T03:15:00Z,เมืองพิจิตร,138,0.044,0.299,0.3188,30,15,True
1790306100,2026-09-25T03:15:00Z,วังทรายพูน,66,0.032,0.201,0.2424,15,15,True
1790307000,2026-09-25T03:30:00Z,พิชัย,176,0.01,0.098,0.1023,45,15,True
1790307000,2026-09-25T03:30:00Z,ลับแล,116,0.003,0.098,0.0345,,30,True
1790307000,2026-09-25T03:30:00Z,ฟากท่า,163,0.0,0.0,0.0,,,True
1790307000,2026-09-25T03:30:00Z,บ้านโคก,247,0.0,0.0,0.0,,,True
1790307000,2026-09-25T03:30:00Z,ท่าปลา,442,0.0,0.0,0.0,,,True
1790307000,2026-09-25T03:30:00Z,น้ำปาด,363,0.0,0.0,0.0,,,True
1790307000,2026-09-25T03:30:00Z,เมืองอุตรดิตถ์,202,0.002,0.098,0.0248,,15,True
1790307000,2026-09-25T03:30:00Z,ตรอน,80,0.059,0.196,0.5875,15,15,True
1790307000,2026-09-25T03:30:00Z,หล่มเก่า,246,0.0,0.0,0.0,,,True
1790307000,2026-09-25T03:30:00Z,วิเชียรบุรี,377,0.024,0.288,0.1618,30,15,True
1790307000,2026-09-25T03:30:00Z,ชนแดน,279,0.0,0.0,0.0,,,True
1790307000,2026-09-25T03:30:00Z,หล่มสัก,350,0.0,0.0,0.0,,,True
1790307000,2026-09-25T03:30:00Z,เมืองเพชรบูรณ์,571,0.0,0.0,0.0,,,True
1790307000,2026-09-25T03:30:00Z,ทองแสนขัน,185,0.0,0.0,0.0,,,True
1790307000,2026-09-25T03:30:00Z,บึงสามัคคี,71,0.105,0.299,0.831,60,45,True
1790307000,2026-09-25T03:30:00Z,โกสัมพีนคร,137,0.058,0.402,0.4088,90,75,True
1790307000,2026-09-25T03:30:00Z,สอง,380,0.0,0.0,0.0,,,True
1790307000,2026-09-25T03:30:00Z,วังชิ้น,255,0.0,0.0,0.0,,,True
1790307000,2026-09-25T03:30:00Z,สูงเม่น,88,0.0,0.0,0.0,,,True
1790307000,2026-09-25T03:30:00Z,เด่นชัย,135,0.0,0.0,0.0,,,True
1790307000,2026-09-25T03:30:00Z,ร้องกวาง,221,0.0,0.0,0.0,,,True
1790307000,2026-09-25T03:30:00Z,ลอง,317,0.0,0.0,0.0,,,True
1790307000,2026-09-25T03:30:00Z,เมืองแพร่,205,0.0,0.0,0.0,,,True
1790307000,2026-09-25T03:30:00Z,ทัพทัน,94,0.0,0.0,0.0,,,True
1790307000,2026-09-25T03:30:00Z,สว่างอารมณ์,110,0.0,0.0,0.0,,,True
1790307000,2026-09-25T03:30:00Z,เมืองอุทัยธานี,59,0.0,0.0,0.0,,,True
1790307000,2026-09-25T03:30:00Z,ห้วยคต,94,0.0,0.0,0.0,,,True
1790307000,2026-09-25T03:30:00Z,ศรีสวัสดิ์,440,0.0,0.0,0.0,,,True
1790307000,2026-09-25T03:30:00Z,บ้านไร่,821,0.001,0.098,0.0122,,15,True
1790307000,2026-09-25T03:30:00Z,ลานสัก,360,0.0,0.0,0.0,,,True
1790307000,2026-09-25T03:30:00Z,หนองฉาง,89,0.0,0.0,0.0,,,True
1790307000,2026-09-25T03:30:00Z,หนองขาหย่าง,43,0.0,0.0,0.0,,,True
1790307000,2026-09-25T03:30:00Z,เชียงม่วน,82,0.0,0.0,0.0,,,True
1790307000,2026-09-25T03:30:00Z,ดอกคำใต้,37,0.0,0.0,0.0,,,True
1790307000,2026-09-25T03:30:00Z,เมืองพะเยา,6,0.0,0.0,0.0,,,True
1790307000,2026-09-25T03:30:00Z,ทองผาภูมิ,851,0.0,0.0,0.0,,,True
1790307000,2026-09-25T03:30:00Z,สังขละบุรี,793,0.023,0.5,0.116,90,30,True
1790307000,2026-09-25T03:30:00Z,หนองม่วงไข่,35,0.0,0.0,0.0,,,True
1790307000,2026-09-25T03:30:00Z,ภูเวียง,81,0.0,0.0,0.0,,,True
1790307000,2026-09-25T03:30:00Z,มัญจาคีรี,50,0.0,0.0,0.0,,,True
1790307000,2026-09-25T03:30:00Z,หนองปรือ,104,0.0,0.0,0.0,,,True
1790307000,2026-09-25T03:30:00Z,เลาขวัญ,123,0.0,0.0,0.0,,,True
1790307000,2026-09-25T03:30:00Z,หนองนาคำ,43,0.0,0.0,0.0,,,True
1790307000,2026-09-25T03:30:00Z,โคกโพธิ์ไชย,65,0.0,0.0,0.0,,,True
1790307000,2026-09-25T03:30:00Z,บ้านหลวง,91,0.0,0.0,0.0,,,True
1790307000,2026-09-25T03:30:00Z,นาน้อย,266,0.0,0.0,0.0,,,True
1790307000,2026-09-25T03:30:00Z,ภูผาม่าน,74,0.0,0.0,0.0,,,True
1790307000,2026-09-25T03:30:00Z,เมืองน่าน,161,0.0,0.0,0.0,,,True
1790307000,2026-09-25T03:30:00Z,แม่จริม,262,0.0,0.0,0.0,,,True
1790307000,2026-09-25T03:30:00Z,เวียงเก่า,78,0.0,0.0,0.0,,,True
1790307000,2026-09-25T03:30:00Z,เมืองกำแพงเพชร,368,0.04,1.314,0.2147,90,45,True
1790307000,2026-09-25T03:30:00Z,ไทรงาม,133,0.0,0.0,0.0,,,True
1790307000,2026-09-25T03:30:00Z,ปางศิลาทอง,186,0.001,0.098,0.0054,,120,True
1790307000,2026-09-25T03:30:00Z,ลานกระบือ,103,0.072,1.84,0.3592,15,15,True
1790307000,2026-09-25T03:30:00Z,ทรายทองวัฒนา,53,0.033,0.196,0.3208,90,75,True
1790307000,2026-09-25T03:30:00Z,คลองขลุง,179,0.058,0.299,0.419,90,75,True
1790307000,2026-09-25T03:30:00Z,พรานกระต่าย,252,0.08,0.69,0.5079,45,30,True
1790307000,2026-09-25T03:30:00Z,คลองลาน,363,0.011,0.288,0.0744,,105,True
1790307000,2026-09-25T03:30:00Z,ขาณุวรลักษบุรี,296,0.019,0.196,0.1858,105,75,True
1790307000,2026-09-25T03:30:00Z,ภูเพียง,113,0.0,0.0,0.0,,,True
1790307000,2026-09-25T03:30:00Z,นาหมื่น,245,0.0,0.0,0.0,,,True
1790307000,2026-09-25T03:30:00Z,เวียงสา,543,0.0,0.0,0.0,,,True
1790307000,2026-09-25T03:30:00Z,น้ำโสม,153,0.0,0.0,0.0,,,True
1790307000,2026-09-25T03:30:00Z,นายูง,126,0.0,0.0,0.0,,,True
1790307000,2026-09-25T03:30:00Z,ชุมแพ,173,0.0,0.0,0.0,,,True
1790307000,2026-09-25T03:30:00Z,สีชมพู,132,0.0,0.0,0.0,,,True
1790307000,2026-09-25T03:30:00Z,สุวรรณคูหา,140,0.0,0.0,0.0,,,True
1790307000,2026-09-25T03:30:00Z,นาวัง,65,0.0,0.0,0.0,,,True
1790307000,2026-09-25T03:30:00Z,หนองเรือ,80,0.0,0.0,0.0,,,True
1790307000,2026-09-25T03:30:00Z,โนนสัง,51,0.0,0.0,0.0,,,True
1790307000,2026-09-25T03:30:00Z,ศรีบุญเรือง,224,0.0,0.0,0.0,,,True
1790307000,2026-09-25T03:30:00Z,เมืองหนองบัวลำภู,217,0.0,0.0,0.0,,,True
1790307000,2026-09-25T03:30:00Z,นากลาง,173,0.0,0.0,0.0,,,True
1790307000,2026-09-25T03:30:00Z,ทุ่งเสลี่ยม,144,0.044,0.196,0.4306,105,75,True
1790307000,2026-09-25T03:30:00Z,ดอยหล่อ,56,0.0,0.0,0.0,,,True
1790307000,2026-09-25T03:30:00Z,เมืองตาก,486,0.006,0.201,0.0597,,90,True
1790307000,2026-09-25T03:30:00Z,แม่ออน,116,0.0,0.0,0.0,,,True
1790307000,2026-09-25T03:30:00Z,อุ้มผาง,1209,0.048,0.5,0.3077,30,15,True
1790307000,2026-09-25T03:30:00Z,วังเจ้า,183,0.017,0.201,0.1421,120,105,True
1790307000,2026-09-25T03:30:00Z,แม่สอด,398,0.0,0.0,0.0,,,True
1790307000,2026-09-25T03:30:00Z,พบพระ,249,0.003,0.098,0.0281,,15,True
1790307000,2026-09-25T03:30:00Z,แม่ระมาด,380,0.0,0.0,0.0,,,True
1790307000,2026-09-25T03:30:00Z,ท่าสองยาง,401,0.0,0.0,0.0,,,True
1790307000,2026-09-25T03:30:00Z,บ้านตาก,255,0.0,0.0,0.0,,,True
1790307000,2026-09-25T03:30:00Z,สามเงา,698,0.0,0.0,0.0,,,True
1790307000,2026-09-25T03:30:00Z,จอมทอง,280,0.0,0.0,0.0,,,True
1790307000,2026-09-25T03:30:00Z,แก้งสนามนาง,79,0.0,0.0,0.0,,,True
1790307000,2026-09-25T03:30:00Z,สีคิ้ว,292,0.0,0.0,0.0,,,True
1790307000,2026-09-25T03:30:00Z,พระทองคำ,90,0.0,0.0,0.0,,,True
1790307000,2026-09-25T03:30:00Z,เทพารักษ์,92,0.058,0.201,0.4783,30,15,True
1790307000,2026-09-25T03:30:00Z,สันกำแพง,65,0.0,0.0,0.0,,,True
1790307000,2026-09-25T03:30:00Z,สันป่าตอง,44,0.0,0.0,0.0,,,True
1790307000,2026-09-25T03:30:00Z,ดอยเต่า,213,0.0,0.0,0.0,,,True
1790307000,2026-09-25T03:30:00Z,อมก๋อย,704,0.0,0.0,0.0,,,True
1790307000,2026-09-25T03:30:00Z,ฮอด,378,0.0,0.0,0.0,,,True
1790307000,2026-09-25T03:30:00Z,เมืองลำพูน,117,0.0,0.0,0.0,,,True
1790307000,2026-09-25T03:30:00Z,แม่ทา,192,0.0,0.0,0.0,,,True
1790307000,2026-09-25T03:30:00Z,บ้านธิ,34,0.0,0.0,0.0,,,True
1790307000,2026-09-25T03:30:00Z,บ้านหมอ,24,0.0,0.0,0.0,,,True
1790307000,2026-09-25T03:30:00Z,เวียงหนองล่อง,14,0.0,0.0,0.0,,,True
1790307000,2026-09-25T03:30:00Z,ทุ่งหัวช้าง,113,0.0,0.0,0.0,,,True
1790307000,2026-09-25T03:30:00Z,ป่าซาง,74,0.0,0.0,0.0,,,True
1790307000,2026-09-25T03:30:00Z,บ้านโฮ่ง,124,0.0,0.0,0.0,,,True
1790307000,2026-09-25T03:30:00Z,แก่งคอย,73,0.0,0.0,0.0,,,True
1790307000,2026-09-25T03:30:00Z,ลี้,454,0.0,0.0,0.0,,,True
1790307000,2026-09-25T03:30:00Z,พระพุทธบาท,55,0.0,0.0,0.0,,,True
1790307000,2026-09-25T03:30:00Z,ดอนพุด,7,0.0,0.0,0.0,,,True
1790307000,2026-09-25T03:30:00Z,หนองโดน,31,0.0,0.0,0.0,,,True
1790307000,2026-09-25T03:30:00Z,เมืองลำปาง,300,0.0,0.0,0.0,,,True
1790307000,2026-09-25T03:30:00Z,เถิน,443,0.002,0.098,0.0158,,120,True
1790307000,2026-09-25T03:30:00Z,แม่พริก,167,0.0,0.0,0.0,,,True
1790307000,2026-09-25T03:30:00Z,แจ้ห่ม,274,0.0,0.0,0.0,,,True
1790307000,2026-09-25T03:30:00Z,แม่เปิน,85,0.0,0.0,0.0,,,True
1790307000,2026-09-25T03:30:00Z,เสริมงาม,185,0.0,0.0,0.0,,,True
1790307000,2026-09-25T03:30:00Z,ชุมตาบง,61,0.0,0.0,0.0,,,True
1790307000,2026-09-25T03:30:00Z,งาว,344,0.0,0.0,0.0,,,True
1790307000,2026-09-25T03:30:00Z,ตากฟ้า,125,0.034,0.288,0.224,90,90,True
1790307000,2026-09-25T03:30:00Z,แม่เมาะ,283,0.0,0.0,0.0,,,True
1790307000,2026-09-25T03:30:00Z,แม่วงก์,257,0.0,0.0,0.0,,,True
1790307000,2026-09-25T03:30:00Z,เกาะคา,128,0.0,0.0,0.0,,,True
1790307000,2026-09-25T03:30:00Z,พยุหะคีรี,169,0.0,0.0,0.0,,,True
1790307000,2026-09-25T03:30:00Z,ลาดยาว,187,0.0,0.0,0.0,,,True
1790307000,2026-09-25T03:30:00Z,สบปราบ,125,0.0,0.0,0.0,,,True
1790307000,2026-09-25T03:30:00Z,ห้างฉัตร,154,0.0,0.0,0.0,,,True
1790307000,2026-09-25T03:30:00Z,แม่ทะ,203,0.0,0.0,0.0,,,True
1790307000,2026-09-25T03:30:00Z,เมืองปาน,202,0.0,0.0,0.0,,,True
1790307000,2026-09-25T03:30:00Z,เมืองอ่างทอง,6,0.0,0.0,0.0,,,True
1790307000,2026-09-25T03:30:00Z,ไชโย,20,0.0,0.0,0.0,,,True
1790307000,2026-09-25T03:30:00Z,สามโก้,10,0.0,0.0,0.0,,,True
1790307000,2026-09-25T03:30:00Z,แสวงหา,43,0.0,0.0,0.0,,,True
1790307000,2026-09-25T03:30:00Z,วิเศษชัยชาญ,7,0.0,0.0,0.0,,,True
1790307000,2026-09-25T03:30:00Z,โพธิ์ทอง,48,0.0,0.0,0.0,,,True
1790307000,2026-09-25T03:30:00Z,เมืองลพบุรี,190,0.002,0.098,0.0158,,120,True
1790307000,2026-09-25T03:30:00Z,เดิมบางนางบวช,130,0.0,0.0,0.0,,,True
1790307000,2026-09-25T03:30:00Z,ด่านช้าง,309,0.0,0.0,0.0,,,True
1790307000,2026-09-25T03:30:00Z,หนองม่วง,111,0.003,0.098,0.027,,45,True
1790307000,2026-09-25T03:30:00Z,ลำสนธิ,136,0.015,0.201,0.1324,60,15,True
1790307000,2026-09-25T03:30:00Z,สามชุก,77,0.0,0.0,0.0,,,True
1790307000,2026-09-25T03:30:00Z,ดอนเจดีย์,72,0.0,0.0,0.0,,,True
1790307000,2026-09-25T03:30:00Z,สระโบสถ์,83,0.025,0.201,0.2169,30,15,True
1790307000,2026-09-25T03:30:00Z,ศรีประจันต์,41,0.0,0.0,0.0,,,True
1790307000,2026-09-25T03:30:00Z,โคกเจริญ,135,0.014,0.288,0.0889,,45,True
1790307000,2026-09-25T03:30:00Z,บ้านหมี่,136,0.015,0.201,0.1397,75,60,True
1790307000,2026-09-25T03:30:00Z,ท่าหลวง,100,0.007,0.098,0.07,,45,True
1790307000,2026-09-25T03:30:00Z,ชัยบาดาล,280,0.037,0.288,0.3143,75,15,True
1790307000,2026-09-25T03:30:00Z,ท่าวุ้ง,64,0.0,0.0,0.0,,,True
1790307000,2026-09-25T03:30:00Z,พัฒนานิคม,217,0.001,0.098,0.0138,,75,True
1790307000,2026-09-25T03:30:00Z,โคกสำโรง,180,0.028,0.201,0.2556,90,45,True
1790307000,2026-09-25T03:30:00Z,หนองหญ้าไซ,108,0.0,0.0,0.0,,,True
1790307000,2026-09-25T03:30:00Z,ท่าช้าง,11,0.0,0.0,0.0,,,True
1790307000,2026-09-25T03:30:00Z,อินทร์บุรี,66,0.033,0.201,0.2879,105,90,True
1790307000,2026-09-25T03:30:00Z,ค่ายบางระจัน,26,0.0,0.0,0.0,,,True
1790307000,2026-09-25T03:30:00Z,พรหมบุรี,19,0.0,0.0,0.0,,,True
1790307000,2026-09-25T03:30:00Z,เนินสง่า,65,0.0,0.0,0.0,,,True
1790307000,2026-09-25T03:30:00Z,เมืองสิงห์บุรี,31,0.0,0.0,0.0,,,True
1790307000,2026-09-25T03:30:00Z,ซับใหญ่,72,0.0,0.0,0.0,,,True
1790307000,2026-09-25T03:30:00Z,บางระจัน,46,0.004,0.098,0.0435,,120,True
1790307000,2026-09-25T03:30:00Z,ภูกระดึง,190,0.0,0.0,0.0,,,True
1790307000,2026-09-25T03:30:00Z,ภูหลวง,145,0.0,0.0,0.0,,,True
1790307000,2026-09-25T03:30:00Z,หนองหิน,78,0.0,0.0,0.0,,,True
1790307000,2026-09-25T03:30:00Z,ผาขาว,100,0.0,0.0,0.0,,,True
1790307000,2026-09-25T03:30:00Z,เอราวัณ,87,0.0,0.0,0.0,,,True
1790307000,2026-09-25T03:30:00Z,วังสะพุง,281,0.0,0.0,0.0,,,True
1790307000,2026-09-25T03:30:00Z,วังม่วง,70,0.0,0.0,0.0,,,True
1790307000,2026-09-25T03:30:00Z,เฉลิมพระเกียรติ,35,0.0,0.0,0.0,,,True
1790307000,2026-09-25T03:30:00Z,มวกเหล็ก,175,0.0,0.0,0.0,,,True
1790307000,2026-09-25T03:30:00Z,บ้านเขว้า,124,0.0,0.0,0.0,,,True
1790307000,2026-09-25T03:30:00Z,คอนสวรรค์,113,0.0,0.0,0.0,,,True
1790307000,2026-09-25T03:30:00Z,เมืองชัยภูมิ,358,0.0,0.0,0.0,,,True
1790307000,2026-09-25T03:30:00Z,วังทอง,425,0.0,0.0,0.0,,,True
1790307000,2026-09-25T03:30:00Z,เนินมะปราง,276,0.0,0.0,0.0,,,True
1790307000,2026-09-25T03:30:00Z,สวรรคโลก,156,0.028,0.196,0.2821,60,15,True
1790307000,2026-09-25T03:30:00Z,ศรีนคร,46,0.04,0.098,0.413,45,45,True
1790307000,2026-09-25T03:30:00Z,หันคา,139,0.0,0.0,0.0,,,True
1790307000,2026-09-25T03:30:00Z,ศรีสัชนาลัย,534,0.01,0.196,0.0918,,60,True
1790307000,2026-09-25T03:30:00Z,หนองมะโมง,76,0.0,0.0,0.0,,,True
1790307000,2026-09-25T03:30:00Z,ศรีสำโรง,142,0.024,0.201,0.2254,45,15,True
1790307000,2026-09-25T03:30:00Z,สรรพยา,55,0.0,0.0,0.0,,,True
1790307000,2026-09-25T03:30:00Z,คีรีมาศ,171,0.07,0.402,0.4854,30,15,True
1790307000,2026-09-25T03:30:00Z,สรรคบุรี,89,0.013,0.201,0.1124,120,120,True
1790307000,2026-09-25T03:30:00Z,กงไกรลาศ,108,0.025,0.201,0.2037,15,15,True
1790307000,2026-09-25T03:30:00Z,มโนรมย์,66,0.0,0.0,0.0,,,True
1790307000,2026-09-25T03:30:00Z,เมืองสุโขทัย,136,0.031,0.299,0.2647,45,15,True
1790307000,2026-09-25T03:30:00Z,วัดสิงห์,67,0.0,0.0,0.0,,,True
1790307000,2026-09-25T03:30:00Z,บ้านด่านลานหอย,231,0.023,0.201,0.2121,90,60,True
1790307000,2026-09-25T03:30:00Z,เมืองชัยนาท,70,0.0,0.0,0.0,,,True
1790307000,2026-09-25T03:30:00Z,เนินขาม,65,0.0,0.0,0.0,,,True
1790307000,2026-09-25T03:30:00Z,คอนสาร,334,0.0,0.0,0.0,,,True
1790307000,2026-09-25T03:30:00Z,ภักดีชุมพล,154,0.0,0.0,0.0,,,True
1790307000,2026-09-25T03:30:00Z,บ้านแท่น,76,0.0,0.0,0.0,,,True
1790307000,2026-09-25T03:30:00Z,แก้งคร้อ,168,0.0,0.0,0.0,,,True
1790307000,2026-09-25T03:30:00Z,ภูเขียว,201,0.0,0.0,0.0,,,True
1790307000,2026-09-25T03:30:00Z,หนองบัวระเหว,179,0.0,0.0,0.0,,,True
1790307000,2026-09-25T03:30:00Z,เทพสถิต,239,0.0,0.0,0.0,,,True
1790307000,2026-09-25T03:30:00Z,จัตุรัส,172,0.0,0.0,0.0,,,True
1790307000,2026-09-25T03:30:00Z,บำเหน็จณรงค์,120,0.0,0.0,0.0,,,True
1790307000,2026-09-25T03:30:00Z,เกษตรสมบูรณ์,268,0.0,0.0,0.0,,,True
1790307000,2026-09-25T03:30:00Z,หนองบัวแดง,537,0.0,0.0,0.0,,,True
1790307000,2026-09-25T03:30:00Z,ภูเรือ,168,0.0,0.0,0.0,,,True
1790307000,2026-09-25T03:30:00Z,ท่าลี่,171,0.0,0.0,0.0,,,True
1790307000,2026-09-25T03:30:00Z,วชิรบารมี,68,0.0,0.0,0.0,,,True
1790307000,2026-09-25T03:30:00Z,ด่านซ้าย,341,0.0,0.0,0.0,,,True
1790307000,2026-09-25T03:30:00Z,นาแห้ว,153,0.0,0.0,0.0,,,True
1790307000,2026-09-25T03:30:00Z,บึงนาราง,74,0.028,0.196,0.2568,45,15,True
1790307000,2026-09-25T03:30:00Z,เชียงคาน,213,0.0,0.0,0.0,,,True
1790307000,2026-09-25T03:30:00Z,ดงเจริญ,56,0.0,0.0,0.0,,,True
1790307000,2026-09-25T03:30:00Z,ปากชม,240,0.0,0.0,0.0,,,True
1790307000,2026-09-25T03:30:00Z,เมืองเลย,314,0.0,0.0,0.0,,,True
1790307000,2026-09-25T03:30:00Z,นาด้วง,143,0.0,0.0,0.0,,,True
1790307000,2026-09-25T03:30:00Z,สากเหล็ก,45,0.002,0.098,0.0222,,15,True
1790307000,2026-09-25T03:30:00Z,สามง่าม,89,0.009,0.098,0.0899,,45,True
1790307000,2026-09-25T03:30:00Z,ทับคล้อ,104,0.0,0.0,0.0,,,True
1790307000,2026-09-25T03:30:00Z,พรหมพิราม,206,0.004,0.201,0.0388,,15,True
1790307000,2026-09-25T03:30:00Z,ด่านขุนทด,344,0.005,0.201,0.0407,,15,True
1790307000,2026-09-25T03:30:00Z,วัดโบสถ์,226,0.0,0.0,0.0,,,True
1790307000,2026-09-25T03:30:00Z,บางระกำ,246,0.021,1.742,0.0854,,15,True
1790307000,2026-09-25T03:30:00Z,บางกระทุ่ม,91,0.0,0.0,0.0,,,True
1790307000,2026-09-25T03:30:00Z,นครไทย,597,0.0,0.0,0.0,,,True
1790307000,2026-09-25T03:30:00Z,ชาติตระการ,415,0.0,0.098,0.0024,,75,True
1790307000,2026-09-25T03:30:00Z,บ้านเหลื่อม,55,0.0,0.0,0.0,,,True
1790307000,2026-09-25T03:30:00Z,เมืองพิษณุโลก,178,0.0,0.0,0.0,,,True
1790307000,2026-09-25T03:30:00Z,ชุมแสง,145,0.0,0.0,0.0,,,True
1790307000,2026-09-25T03:30:00Z,หนองบัว,208,0.0,0.0,0.0,,,True
1790307000,2026-09-25T03:30:00Z,เมืองนครสวรรค์,183,0.0,0.0,0.0,,,True
1790307000,2026-09-25T03:30:00Z,โกรกพระ,71,0.0,0.0,0.0,,,True
1790307000,2026-09-25T03:30:00Z,ไพศาลี,244,0.047,0.288,0.3074,60,45,True
1790307000,2026-09-25T03:30:00Z,ตาคลี,206,0.031,0.299,0.199,120,90,True
1790307000,2026-09-25T03:30:00Z,ท่าตะโก,211,0.013,0.288,0.0758,,75,True
1790307000,2026-09-25T03:30:00Z,เขาค้อ,207,0.0,0.0,0.0,,,True
1790307000,2026-09-25T03:30:00Z,บรรพตพิสัย,181,0.0,0.0,0.0,,,True
1790307000,2026-09-25T03:30:00Z,เก้าเลี้ยว,57,0.0,0.0,0.0,,,True
1790307000,2026-09-25T03:30:00Z,วังโป่ง,123,0.0,0.0,0.0,,,True
1790307000,2026-09-25T03:30:00Z,บึงสามพัน,194,0.002,0.098,0.0155,,30,True
1790307000,2026-09-25T03:30:00Z,น้ำหนาว,231,0.0,0.0,0.0,,,True
1790307000,2026-09-25T03:30:00Z,ศรีเทพ,204,0.0,0.0,0.0,,,True
1790307000,2026-09-25T03:30:00Z,หนองไผ่,315,0.0,0.0,0.0,,,True
1790307000,2026-09-25T03:30:00Z,มหาราช,4,0.0,0.0,0.0,,,False
1790307000,2026-09-25T03:30:00Z,บ้านแพรก,10,0.0,0.0,0.0,,,True
1790307000,2026-09-25T03:30:00Z,บางมูลนาก,99,0.0,0.0,0.0,,,True
1790307000,2026-09-25T03:30:00Z,โพทะเล,131,0.0,0.0,0.0,,,True
1790307000,2026-09-25T03:30:00Z,โพธิ์ประทับช้าง,102,0.13,0.299,0.9314,15,15,True
1790307000,2026-09-25T03:30:00Z,ตะพานหิน,109,0.001,0.098,0.0092,,15,True
1790307000,2026-09-25T03:30:00Z,เมืองพิจิตร,138,0.036,0.299,0.3043,15,15,True
1790307000,2026-09-25T03:30:00Z,วังทรายพูน,66,0.003,0.098,0.0303,,15,True
1790307900,2026-09-25T03:45:00Z,พิชัย,176,0.0,0.0,0.0,,,True
1790307900,2026-09-25T03:45:00Z,ลับแล,116,0.0,0.0,0.0,,,True
1790307900,2026-09-25T03:45:00Z,ฟากท่า,163,0.004,0.098,0.0368,,60,True
1790307900,2026-09-25T03:45:00Z,บ้านโคก,247,0.005,0.098,0.0526,,15,True
1790307900,2026-09-25T03:45:00Z,ท่าปลา,442,0.0,0.0,0.0,,,True
1790307900,2026-09-25T03:45:00Z,น้ำปาด,363,0.0,0.0,0.0,,,True
1790307900,2026-09-25T03:45:00Z,เมืองอุตรดิตถ์,202,0.0,0.0,0.0,,,True
1790307900,2026-09-25T03:45:00Z,ตรอน,80,0.002,0.098,0.025,,45,True
1790307900,2026-09-25T03:45:00Z,หล่มเก่า,246,0.0,0.0,0.0,,,True
1790307900,2026-09-25T03:45:00Z,วิเชียรบุรี,377,0.025,0.69,0.1167,15,15,True
1790307900,2026-09-25T03:45:00Z,ชนแดน,279,0.0,0.0,0.0,,,True
1790307900,2026-09-25T03:45:00Z,หล่มสัก,350,0.0,0.0,0.0,,,True
1790307900,2026-09-25T03:45:00Z,เมืองเพชรบูรณ์,571,0.0,0.0,0.0,,,True
1790307900,2026-09-25T03:45:00Z,ทองแสนขัน,185,0.001,0.098,0.0108,,15,True
1790307900,2026-09-25T03:45:00Z,บึงสามัคคี,71,0.068,0.386,0.3803,45,30,True
1790307900,2026-09-25T03:45:00Z,โกสัมพีนคร,137,0.111,0.299,0.7737,60,60,True
1790307900,2026-09-25T03:45:00Z,สอง,380,0.0,0.0,0.0,,,True
1790307900,2026-09-25T03:45:00Z,วังชิ้น,255,0.0,0.0,0.0,,,True
1790307900,2026-09-25T03:45:00Z,สูงเม่น,88,0.0,0.0,0.0,,,True
1790307900,2026-09-25T03:45:00Z,เด่นชัย,135,0.0,0.0,0.0,,,True
1790307900,2026-09-25T03:45:00Z,ร้องกวาง,221,0.0,0.0,0.0,,,True
1790307900,2026-09-25T03:45:00Z,ลอง,317,0.0,0.0,0.0,,,True
1790307900,2026-09-25T03:45:00Z,เมืองแพร่,205,0.0,0.0,0.0,,,True
1790307900,2026-09-25T03:45:00Z,ทัพทัน,94,0.0,0.0,0.0,,,True
1790307900,2026-09-25T03:45:00Z,สว่างอารมณ์,110,0.0,0.0,0.0,,,True
1790307900,2026-09-25T03:45:00Z,เมืองอุทัยธานี,59,0.0,0.0,0.0,,,True
1790307900,2026-09-25T03:45:00Z,ห้วยคต,94,0.0,0.0,0.0,,,True
1790307900,2026-09-25T03:45:00Z,ศรีสวัสดิ์,440,0.0,0.0,0.0,,,True
1790307900,2026-09-25T03:45:00Z,บ้านไร่,821,0.0,0.0,0.0,,,True
1790307900,2026-09-25T03:45:00Z,ลานสัก,360,0.0,0.0,0.0,,,True
1790307900,2026-09-25T03:45:00Z,หนองฉาง,89,0.0,0.0,0.0,,,True
1790307900,2026-09-25T03:45:00Z,หนองขาหย่าง,43,0.0,0.0,0.0,,,True
1790307900,2026-09-25T03:45:00Z,เชียงม่วน,82,0.0,0.0,0.0,,,True
1790307900,2026-09-25T03:45:00Z,ดอกคำใต้,37,0.0,0.0,0.0,,,True
1790307900,2026-09-25T03:45:00Z,เมืองพะเยา,6,0.0,0.0,0.0,,,True
1790307900,2026-09-25T03:45:00Z,ทองผาภูมิ,851,0.0,0.0,0.0,,,True
1790307900,2026-09-25T03:45:00Z,สังขละบุรี,793,0.01,0.299,0.0631,,30,True
1790307900,2026-09-25T03:45:00Z,หนองม่วงไข่,35,0.0,0.0,0.0,,,True
1790307900,2026-09-25T03:45:00Z,ภูเวียง,81,0.0,0.0,0.0,,,True
1790307900,2026-09-25T03:45:00Z,มัญจาคีรี,50,0.0,0.0,0.0,,,True
1790307900,2026-09-25T03:45:00Z,หนองปรือ,104,0.0,0.0,0.0,,,True
1790307900,2026-09-25T03:45:00Z,เลาขวัญ,123,0.0,0.0,0.0,,,True
1790307900,2026-09-25T03:45:00Z,หนองนาคำ,43,0.0,0.0,0.0,,,True
1790307900,2026-09-25T03:45:00Z,โคกโพธิ์ไชย,65,0.0,0.0,0.0,,,True
1790307900,2026-09-25T03:45:00Z,บ้านหลวง,91,0.0,0.0,0.0,,,True
1790307900,2026-09-25T03:45:00Z,นาน้อย,266,0.0,0.0,0.0,,,True
1790307900,2026-09-25T03:45:00Z,ภูผาม่าน,74,0.0,0.0,0.0,,,True
1790307900,2026-09-25T03:45:00Z,เมืองน่าน,161,0.0,0.0,0.0,,,True
1790307900,2026-09-25T03:45:00Z,แม่จริม,262,0.0,0.0,0.0,,,True
1790307900,2026-09-25T03:45:00Z,เวียงเก่า,78,0.0,0.0,0.0,,,True
1790307900,2026-09-25T03:45:00Z,เมืองกำแพงเพชร,368,0.012,0.201,0.106,90,45,True
1790307900,2026-09-25T03:45:00Z,ไทรงาม,133,0.004,0.201,0.0301,,60,True
1790307900,2026-09-25T03:45:00Z,ปางศิลาทอง,186,0.013,0.201,0.1129,120,105,True
1790307900,2026-09-25T03:45:00Z,ลานกระบือ,103,0.012,0.201,0.0971,,15,True
1790307900,2026-09-25T03:45:00Z,ทรายทองวัฒนา,53,0.206,0.5,0.8868,60,60,True
1790307900,2026-09-25T03:45:00Z,คลองขลุง,179,0.137,0.402,0.6592,75,60,True
1790307900,2026-09-25T03:45:00Z,พรานกระต่าย,252,0.089,0.299,0.619,30,15,True
1790307900,2026-09-25T03:45:00Z,คลองลาน,363,0.001,0.098,0.0083,,105,True
1790307900,2026-09-25T03:45:00Z,ขาณุวรลักษบุรี,296,0.0,0.098,0.0034,,90,True
1790307900,2026-09-25T03:45:00Z,ภูเพียง,113,0.0,0.0,0.0,,,True
1790307900,2026-09-25T03:45:00Z,นาหมื่น,245,0.012,0.098,0.1224,120,75,True
1790307900,2026-09-25T03:45:00Z,เวียงสา,543,0.0,0.0,0.0,,,True
1790307900,2026-09-25T03:45:00Z,น้ำโสม,153,0.0,0.0,0.0,,,True
1790307900,2026-09-25T03:45:00Z,นายูง,126,0.0,0.0,0.0,,,True
1790307900,2026-09-25T03:45:00Z,ชุมแพ,173,0.0,0.0,0.0,,,True
1790307900,2026-09-25T03:45:00Z,สีชมพู,132,0.0,0.0,0.0,,,True
1790307900,2026-09-25T03:45:00Z,สุวรรณคูหา,140,0.0,0.0,0.0,,,True
1790307900,2026-09-25T03:45:00Z,นาวัง,65,0.0,0.0,0.0,,,True
1790307900,2026-09-25T03:45:00Z,หนองเรือ,80,0.0,0.0,0.0,,,True
1790307900,2026-09-25T03:45:00Z,โนนสัง,51,0.0,0.0,0.0,,,True
1790307900,2026-09-25T03:45:00Z,ศรีบุญเรือง,224,0.0,0.0,0.0,,,True
1790307900,2026-09-25T03:45:00Z,เมืองหนองบัวลำภู,217,0.0,0.0,0.0,,,True
1790307900,2026-09-25T03:45:00Z,นากลาง,173,0.0,0.0,0.0,,,True
1790307900,2026-09-25T03:45:00Z,ทุ่งเสลี่ยม,144,0.0,0.0,0.0,,,True
1790307900,2026-09-25T03:45:00Z,ดอยหล่อ,56,0.0,0.0,0.0,,,True
1790307900,2026-09-25T03:45:00Z,เมืองตาก,486,0.015,0.201,0.1235,120,75,True
1790307900,2026-09-25T03:45:00Z,แม่ออน,116,0.0,0.0,0.0,,,True
1790307900,2026-09-25T03:45:00Z,อุ้มผาง,1209,0.037,0.397,0.2192,30,15,True
1790307900,2026-09-25T03:45:00Z,วังเจ้า,183,0.072,0.299,0.5683,105,90,True
1790307900,2026-09-25T03:45:00Z,แม่สอด,398,0.0,0.0,0.0,,,True
1790307900,2026-09-25T03:45:00Z,พบพระ,249,0.007,0.201,0.0643,,30,True
1790307900,2026-09-25T03:45:00Z,แม่ระมาด,380,0.0,0.0,0.0,,,True
1790307900,2026-09-25T03:45:00Z,ท่าสองยาง,401,0.0,0.0,0.0,,,True
1790307900,2026-09-25T03:45:00Z,บ้านตาก,255,0.0,0.0,0.0,,,True
1790307900,2026-09-25T03:45:00Z,สามเงา,698,0.0,0.0,0.0,,,True
1790307900,2026-09-25T03:45:00Z,จอมทอง,280,0.0,0.0,0.0,,,True
1790307900,2026-09-25T03:45:00Z,แก้งสนามนาง,79,0.0,0.0,0.0,,,True
1790307900,2026-09-25T03:45:00Z,สีคิ้ว,292,0.0,0.0,0.0,,,True
1790307900,2026-09-25T03:45:00Z,พระทองคำ,90,0.0,0.0,0.0,,,True
1790307900,2026-09-25T03:45:00Z,เทพารักษ์,92,0.037,0.098,0.3804,15,15,True
1790307900,2026-09-25T03:45:00Z,สันกำแพง,65,0.0,0.0,0.0,,,True
1790307900,2026-09-25T03:45:00Z,สันป่าตอง,44,0.0,0.0,0.0,,,True
1790307900,2026-09-25T03:45:00Z,ดอยเต่า,213,0.0,0.0,0.0,,,True
1790307900,2026-09-25T03:45:00Z,อมก๋อย,704,0.0,0.0,0.0,,,True
1790307900,2026-09-25T03:45:00Z,ฮอด,378,0.0,0.0,0.0,,,True
1790307900,2026-09-25T03:45:00Z,เมืองลำพูน,117,0.0,0.0,0.0,,,True
1790307900,2026-09-25T03:45:00Z,แม่ทา,192,0.0,0.0,0.0,,,True
1790307900,2026-09-25T03:45:00Z,บ้านธิ,34,0.0,0.0,0.0,,,True
1790307900,2026-09-25T03:45:00Z,บ้านหมอ,24,0.0,0.0,0.0,,,True
1790307900,2026-09-25T03:45:00Z,เวียงหนองล่อง,14,0.0,0.0,0.0,,,True
1790307900,2026-09-25T03:45:00Z,ทุ่งหัวช้าง,113,0.0,0.0,0.0,,,True
1790307900,2026-09-25T03:45:00Z,ป่าซาง,74,0.0,0.0,0.0,,,True
1790307900,2026-09-25T03:45:00Z,บ้านโฮ่ง,124,0.0,0.0,0.0,,,True
1790307900,2026-09-25T03:45:00Z,แก่งคอย,73,0.0,0.0,0.0,,,True
1790307900,2026-09-25T03:45:00Z,ลี้,454,0.0,0.0,0.0,,,True
1790307900,2026-09-25T03:45:00Z,พระพุทธบาท,55,0.0,0.0,0.0,,,True
1790307900,2026-09-25T03:45:00Z,ดอนพุด,7,0.0,0.0,0.0,,,True
1790307900,2026-09-25T03:45:00Z,หนองโดน,31,0.0,0.0,0.0,,,True
1790307900,2026-09-25T03:45:00Z,เมืองลำปาง,300,0.0,0.0,0.0,,,True
1790307900,2026-09-25T03:45:00Z,เถิน,443,0.0,0.0,0.0,,,True
1790307900,2026-09-25T03:45:00Z,แม่พริก,167,0.0,0.0,0.0,,,True
1790307900,2026-09-25T03:45:00Z,แจ้ห่ม,274,0.0,0.0,0.0,,,True
1790307900,2026-09-25T03:45:00Z,แม่เปิน,85,0.0,0.0,0.0,,,True
1790307900,2026-09-25T03:45:00Z,เสริมงาม,185,0.0,0.0,0.0,,,True
1790307900,2026-09-25T03:45:00Z,ชุมตาบง,61,0.0,0.0,0.0,,,True
1790307900,2026-09-25T03:45:00Z,งาว,344,0.0,0.0,0.0,,,True
1790307900,2026-09-25T03:45:00Z,ตากฟ้า,125,0.074,0.69,0.312,90,75,True
1790307900,2026-09-25T03:45:00Z,แม่เมาะ,283,0.0,0.0,0.0,,,True
1790307900,2026-09-25T03:45:00Z,แม่วงก์,257,0.0,0.0,0.0,,,True
1790307900,2026-09-25T03:45:00Z,เกาะคา,128,0.0,0.0,0.0,,,True
1790307900,2026-09-25T03:45:00Z,พยุหะคีรี,169,0.02,0.288,0.1775,120,90,True
1790307900,2026-09-25T03:45:00Z,ลาดยาว,187,0.0,0.0,0.0,,,True
1790307900,2026-09-25T03:45:00Z,สบปราบ,125,0.0,0.0,0.0,,,True
1790307900,2026-09-25T03:45:00Z,ห้างฉัตร,154,0.0,0.0,0.0,,,True
1790307900,2026-09-25T03:45:00Z,แม่ทะ,203,0.0,0.0,0.0,,,True
1790307900,2026-09-25T03:45:00Z,เมืองปาน,202,0.0,0.0,0.0,,,True
1790307900,2026-09-25T03:45:00Z,เมืองอ่างทอง,6,0.0,0.0,0.0,,,True
1790307900,2026-09-25T03:45:00Z,ไชโย,20,0.0,0.0,0.0,,,True
1790307900,2026-09-25T03:45:00Z,สามโก้,10,0.0,0.0,0.0,,,True
1790307900,2026-09-25T03:45:00Z,แสวงหา,43,0.0,0.0,0.0,,,True
1790307900,2026-09-25T03:45:00Z,วิเศษชัยชาญ,7,0.0,0.0,0.0,,,True
1790307900,2026-09-25T03:45:00Z,โพธิ์ทอง,48,0.0,0.0,0.0,,,True
1790307900,2026-09-25T03:45:00Z,เมืองลพบุรี,190,0.001,0.098,0.0053,,120,True
1790307900,2026-09-25T03:45:00Z,เดิมบางนางบวช,130,0.001,0.098,0.0077,,120,True
1790307900,2026-09-25T03:45:00Z,ด่านช้าง,309,0.0,0.0,0.0,,,True
1790307900,2026-09-25T03:45:00Z,หนองม่วง,111,0.011,0.098,0.1171,45,30,True
1790307900,2026-09-25T03:45:00Z,ลำสนธิ,136,0.013,0.299,0.1103,90,45,True
1790307900,2026-09-25T03:45:00Z,สามชุก,77,0.0,0.0,0.0,,,True
1790307900,2026-09-25T03:45:00Z,ดอนเจดีย์,72,0.0,0.0,0.0,,,True
1790307900,2026-09-25T03:45:00Z,สระโบสถ์,83,0.052,0.299,0.3976,15,15,True
1790307900,2026-09-25T03:45:00Z,ศรีประจันต์,41,0.0,0.0,0.0,,,True
1790307900,2026-09-25T03:45:00Z,โคกเจริญ,135,0.018,0.69,0.0889,,30,True
1790307900,2026-09-25T03:45:00Z,บ้านหมี่,136,0.038,0.201,0.3529,60,45,True
1790307900,2026-09-25T03:45:00Z,ท่าหลวง,100,0.015,0.098,0.15,45,30,True
1790307900,2026-09-25T03:45:00Z,ชัยบาดาล,280,0.036,0.201,0.3643,60,15,True
1790307900,2026-09-25T03:45:00Z,ท่าวุ้ง,64,0.0,0.0,0.0,,,True
1790307900,2026-09-25T03:45:00Z,พัฒนานิคม,217,0.001,0.098,0.0092,,60,True
1790307900,2026-09-25T03:45:00Z,โคกสำโรง,180,0.044,0.299,0.3889,30,15,True
1790307900,2026-09-25T03:45:00Z,หนองหญ้าไซ,108,0.0,0.0,0.0,,,True
1790307900,2026-09-25T03:45:00Z,ท่าช้าง,11,0.0,0.0,0.0,,,True
1790307900,2026-09-25T03:45:00Z,อินทร์บุรี,66,0.063,0.201,0.5455,90,90,True
1790307900,2026-09-25T03:45:00Z,ค่ายบางระจัน,26,0.0,0.0,0.0,,,True
1790307900,2026-09-25T03:45:00Z,พรหมบุรี,19,0.0,0.0,0.0,,,True
1790307900,2026-09-25T03:45:00Z,เนินสง่า,65,0.0,0.0,0.0,,,True
1790307900,2026-09-25T03:45:00Z,เมืองสิงห์บุรี,31,0.003,0.098,0.0323,,90,True
1790307900,2026-09-25T03:45:00Z,ซับใหญ่,72,0.0,0.0,0.0,,,True
1790307900,2026-09-25T03:45:00Z,บางระจัน,46,0.004,0.098,0.0435,,120,True
1790307900,2026-09-25T03:45:00Z,ภูกระดึง,190,0.0,0.0,0.0,,,True
1790307900,2026-09-25T03:45:00Z,ภูหลวง,145,0.0,0.0,0.0,,,True
1790307900,2026-09-25T03:45:00Z,หนองหิน,78,0.0,0.0,0.0,,,True
1790307900,2026-09-25T03:45:00Z,ผาขาว,100,0.0,0.0,0.0,,,True
1790307900,2026-09-25T03:45:00Z,เอราวัณ,87,0.0,0.0,0.0,,,True
1790307900,2026-09-25T03:45:00Z,วังสะพุง,281,0.0,0.0,0.0,,,True
1790307900,2026-09-25T03:45:00Z,วังม่วง,70,0.0,0.0,0.0,,,True
1790307900,2026-09-25T03:45:00Z,เฉลิมพระเกียรติ,35,0.0,0.0,0.0,,,True
1790307900,2026-09-25T03:45:00Z,มวกเหล็ก,175,0.0,0.0,0.0,,,True
1790307900,2026-09-25T03:45:00Z,บ้านเขว้า,124,0.0,0.0,0.0,,,True
1790307900,2026-09-25T03:45:00Z,คอนสวรรค์,113,0.0,0.0,0.0,,,True
1790307900,2026-09-25T03:45:00Z,เมืองชัยภูมิ,358,0.0,0.0,0.0,,,True
1790307900,2026-09-25T03:45:00Z,วังทอง,425,0.0,0.0,0.0,,,True
1790307900,2026-09-25T03:45:00Z,เนินมะปราง,276,0.0,0.0,0.0,,,True
1790307900,2026-09-25T03:45:00Z,สวรรคโลก,156,0.002,0.201,0.0128,,15,True
1790307900,2026-09-25T03:45:00Z,ศรีนคร,46,0.002,0.098,0.0217,,75,True
1790307900,2026-09-25T03:45:00Z,หันคา,139,0.0,0.0,0.0,,,True
1790307900,2026-09-25T03:45:00Z,ศรีสัชนาลัย,534,0.001,0.098,0.0094,,90,True
1790307900,2026-09-25T03:45:00Z,หนองมะโมง,76,0.0,0.0,0.0,,,True
1790307900,2026-09-25T03:45:00Z,ศรีสำโรง,142,0.013,0.201,0.1056,60,15,True
1790307900,2026-09-25T03:45:00Z,สรรพยา,55,0.004,0.098,0.0364,,105,True
1790307900,2026-09-25T03:45:00Z,คีรีมาศ,171,0.083,0.299,0.6082,15,15,True
1790307900,2026-09-25T03:45:00Z,สรรคบุรี,89,0.029,0.201,0.2472,120,105,True
1790307900,2026-09-25T03:45:00Z,กงไกรลาศ,108,0.008,0.201,0.0648,,15,True
1790307900,2026-09-25T03:45:00Z,มโนรมย์,66,0.004,0.098,0.0455,,120,True
1790307900,2026-09-25T03:45:00Z,เมืองสุโขทัย,136,0.014,0.201,0.1176,45,15,True
1790307900,2026-09-25T03:45:00Z,วัดสิงห์,67,0.0,0.0,0.0,,,True
1790307900,2026-09-25T03:45:00Z,บ้านด่านลานหอย,231,0.019,0.201,0.1558,75,45,True
1790307900,2026-09-25T03:45:00Z,เมืองชัยนาท,70,0.001,0.098,0.0143,,120,True
1790307900,2026-09-25T03:45:00Z,เนินขาม,65,0.0,0.0,0.0,,,True
1790307900,2026-09-25T03:45:00Z,คอนสาร,334,0.0,0.0,0.0,,,True
1790307900,2026-09-25T03:45:00Z,ภักดีชุมพล,154,0.0,0.0,0.0,,,True
1790307900,2026-09-25T03:45:00Z,บ้านแท่น,76,0.0,0.0,0.0,,,True
1790307900,2026-09-25T03:45:00Z,แก้งคร้อ,168,0.0,0.0,0.0,,,True
1790307900,2026-09-25T03:45:00Z,ภูเขียว,201,0.0,0.0,0.0,,,True
1790307900,2026-09-25T03:45:00Z,หนองบัวระเหว,179,0.0,0.0,0.0,,,True
1790307900,2026-09-25T03:45:00Z,เทพสถิต,239,0.001,0.098,0.0084,,75,True
1790307900,2026-09-25T03:45:00Z,จัตุรัส,172,0.002,0.098,0.0174,,15,True
1790307900,2026-09-25T03:45:00Z,บำเหน็จณรงค์,120,0.008,0.098,0.0833,,30,True
1790307900,2026-09-25T03:45:00Z,เกษตรสมบูรณ์,268,0.0,0.0,0.0,,,True
1790307900,2026-09-25T03:45:00Z,หนองบัวแดง,537,0.0,0.0,0.0,,,True
1790307900,2026-09-25T03:45:00Z,ภูเรือ,168,0.0,0.0,0.0,,,True
1790307900,2026-09-25T03:45:00Z,ท่าลี่,171,0.0,0.0,0.0,,,True
1790307900,2026-09-25T03:45:00Z,วชิรบารมี,68,0.0,0.0,0.0,,,True
1790307900,2026-09-25T03:45:00Z,ด่านซ้าย,341,0.0,0.0,0.0,,,True
1790307900,2026-09-25T03:45:00Z,นาแห้ว,153,0.0,0.0,0.0,,,True
1790307900,2026-09-25T03:45:00Z,บึงนาราง,74,0.0,0.0,0.0,,,True
1790307900,2026-09-25T03:45:00Z,เชียงคาน,213,0.0,0.0,0.0,,,True
1790307900,2026-09-25T03:45:00Z,ดงเจริญ,56,0.0,0.0,0.0,,,True
1790307900,2026-09-25T03:45:00Z,ปากชม,240,0.0,0.0,0.0,,,True
1790307900,2026-09-25T03:45:00Z,เมืองเลย,314,0.0,0.0,0.0,,,True
1790307900,2026-09-25T03:45:00Z,นาด้วง,143,0.0,0.0,0.0,,,True
1790307900,2026-09-25T03:45:00Z,สากเหล็ก,45,0.002,0.098,0.0222,,15,True
1790307900,2026-09-25T03:45:00Z,สามง่าม,89,0.059,0.5,0.3258,30,15,True
1790307900,2026-09-25T03:45:00Z,ทับคล้อ,104,0.0,0.0,0.0,,,True
1790307900,2026-09-25T03:45:00Z,พรหมพิราม,206,0.0,0.0,0.0,,,True
1790307900,2026-09-25T03:45:00Z,ด่านขุนทด,344,0.002,0.098,0.0174,,15,True
1790307900,2026-09-25T03:45:00Z,วัดโบสถ์,226,0.0,0.0,0.0,,,True
1790307900,2026-09-25T03:45:00Z,บางระกำ,246,0.0,0.0,0.0,,,True
1790307900,2026-09-25T03:45:00Z,บางกระทุ่ม,91,0.0,0.0,0.0,,,True
1790307900,2026-09-25T03:45:00Z,นครไทย,597,0.0,0.0,0.0,,,True
1790307900,2026-09-25T03:45:00Z,ชาติตระการ,415,0.0,0.0,0.0,,,True
1790307900,2026-09-25T03:45:00Z,บ้านเหลื่อม,55,0.0,0.0,0.0,,,True
1790307900,2026-09-25T03:45:00Z,เมืองพิษณุโลก,178,0.0,0.0,0.0,,,True
1790307900,2026-09-25T03:45:00Z,ชุมแสง,145,0.0,0.0,0.0,,,True
1790307900,2026-09-25T03:45:00Z,หนองบัว,208,0.0,0.0,0.0,,,True
1790307900,2026-09-25T03:45:00Z,เมืองนครสวรรค์,183,0.0,0.0,0.0,,,True
1790307900,2026-09-25T03:45:00Z,โกรกพระ,71,0.0,0.0,0.0,,,True
1790307900,2026-09-25T03:45:00Z,ไพศาลี,244,0.061,0.69,0.3115,45,30,True
1790307900,2026-09-25T03:45:00Z,ตาคลี,206,0.037,0.69,0.1796,105,75,True
1790307900,2026-09-25T03:45:00Z,ท่าตะโก,211,0.014,0.511,0.0995,,60,True
1790307900,2026-09-25T03:45:00Z,เขาค้อ,207,0.0,0.0,0.0,,,True
1790307900,2026-09-25T03:45:00Z,บรรพตพิสัย,181,0.0,0.0,0.0,,,True
1790307900,2026-09-25T03:45:00Z,เก้าเลี้ยว,57,0.0,0.0,0.0,,,True
1790307900,2026-09-25T03:45:00Z,วังโป่ง,123,0.0,0.0,0.0,,,True
1790307900,2026-09-25T03:45:00Z,บึงสามพัน,194,0.0,0.0,0.0,,,True
1790307900,2026-09-25T03:45:00Z,น้ำหนาว,231,0.0,0.0,0.0,,,True
1790307900,2026-09-25T03:45:00Z,ศรีเทพ,204,0.0,0.098,0.0049,,15,True
1790307900,2026-09-25T03:45:00Z,หนองไผ่,315,0.0,0.0,0.0,,,True
1790307900,2026-09-25T03:45:00Z,มหาราช,4,0.0,0.0,0.0,,,False
1790307900,2026-09-25T03:45:00Z,บ้านแพรก,10,0.0,0.0,0.0,,,True
1790307900,2026-09-25T03:45:00Z,บางมูลนาก,99,0.0,0.0,0.0,,,True
1790307900,2026-09-25T03:45:00Z,โพทะเล,131,0.0,0.0,0.0,,,True
1790307900,2026-09-25T03:45:00Z,โพธิ์ประทับช้าง,102,0.158,0.5,0.6667,15,15,True
1790307900,2026-09-25T03:45:00Z,ตะพานหิน,109,0.0,0.0,0.0,,,True
1790307900,2026-09-25T03:45:00Z,เมืองพิจิตร,138,0.034,0.299,0.2101,15,15,True
1790307900,2026-09-25T03:45:00Z,วังทรายพูน,66,0.008,0.201,0.0606,,15,True
